<root>
    <name></name>
    <size>10 21</size>
    <row>38 38 38 38 38 38 38 38 38 38 </row>
    <row>38 38 38 38 38 38 38 38 38 38 </row>
    <row>38 38 38 38 38 38 38 38 38 38 </row>
    <row>38 38 38 38 38 38 38 38 38 38 </row>
    <row>28 28 28 28 28 28 28 28 28 28 </row>
    <row>28 28 28 28 28 28 28 28 28 28 </row>
    <row>28 28 28 28 28 28 28 28 28 28 </row>
    <row>28 28 28 28 28 28 28 28 28 28 </row>
    <row>28 28 28 28 28 28 28 28 28 28 </row>
    <row>28 28 28 28 28 28 28 28 28 28 </row>
    <row>16 16 16 16 28 28 16 16 16 16 </row>
    <row>38 38 38 38 28 28 38 38 38 38 </row>
    <row>38 38 38 38 28 28 38 38 38 38 </row>
    <row>38 38 38 38 28 28 38 38 38 38 </row>
    <row>38 38 38 38 28 28 38 38 38 38 </row>
    <row>28 28 28 28 28 28 28 28 28 28 </row>
    <row>28 28 28 28 28 28 28 28 28 28 </row>
    <row>28 28 28 28 28 28 28 28 28 28 </row>
    <row>28 28 28 28 28 28 28 28 28 28 </row>
    <row>28 28 28 28 28 28 28 28 28 28 </row>
    <row>28 28 28 28 28 28 28 28 28 28 </row>
    <object>
        <name>cupboard</name>
        <pos>256 96</pos>
    </object>
    <object>
        <name>table</name>
        <pos>128 192</pos>
    </object>
    <object>
        <name>chair</name>
        <pos>160 160</pos>
        <attributes>
            <interact>16</interact>
        </attributes>
    </object>
    <object>
        <name>furnace</name>
        <pos>32 128</pos>
        <attributes>
            <interact>15</interact>
        </attributes>
    </object>
    <object>
        <name>window</name>
        <pos>224 32</pos>
    </object>
    <object>
        <name>window</name>
        <pos>64 32</pos>
    </object>
    <object>
        <name>shelf</name>
        <pos>224 128</pos>
    </object>
    <object>
        <name>piano</name>
        <pos>0 480</pos>
    </object>
    <object>
        <name>clock</name>
        <pos>224 480</pos>
    </object>
    <object>
        <name>chair</name>
        <pos>32 512</pos>
        <attributes>
            <interact>16</interact>
        </attributes>
    </object>
    <object>
        <name>chair</name>
        <pos>224 544</pos>
        <attributes>
            <interact>16</interact>
        </attributes>
    </object>
    <object>
        <name>chair</name>
        <pos>256 608</pos>
        <attributes>
            <interact>16</interact>
        </attributes>
    </object>
    <object>
        <name>table</name>
        <pos>224 576</pos>
    </object>
</root>
