<root>
	<name>forest</name>
	<attributes>
		<title>Black Woods</title>
		<climate>continental</climate>
	</attributes>
	<size>40 40</size>
	<row>14 14 14 14 14 14 14 14 14 14 14 14 14 14 14 14 14 14 14 14 14 14 14 14 14 14 14 14 14 14 14 14 14 14 14 14 14 14 14 14 </row>
	<row>0 0 0 0 0 0 0 0 0 0 0 0 0 0 0 0 0 0 0 0 0 0 0 0 0 0 0 0 0 0 0 0 0 0 0 0 0 0 0 0 </row>
	<row>0 0 0 0 0 0 0 0 0 0 0 0 0 0 0 0 0 0 0 0 0 0 0 0 0 0 0 0 0 0 0 0 0 0 0 0 0 0 0 0 </row>
	<row>0 0 0 0 0 0 0 0 0 0 0 0 0 0 0 0 0 0 0 0 0 0 0 0 0 0 0 0 0 0 0 0 0 0 0 0 0 0 0 0 </row>
	<row>0 0 0 0 0 0 0 0 0 0 0 0 0 0 0 0 0 0 0 0 0 0 0 0 0 0 0 0 0 0 0 0 0 0 0 0 0 0 0 0 </row>
	<row>0 0 0 0 0 0 0 0 0 0 0 0 0 0 0 0 0 0 0 0 0 0 0 0 0 0 0 0 0 0 0 0 0 0 0 0 0 0 0 0 </row>
	<row>0 0 0 0 0 0 0 0 0 0 0 0 0 0 0 0 0 0 0 0 0 0 0 0 0 0 0 0 0 0 0 0 0 0 0 0 0 0 0 0 </row>
	<row>0 0 0 0 0 0 0 0 0 0 0 0 0 0 0 0 0 0 0 0 0 0 0 0 0 0 0 0 0 0 0 0 0 0 0 0 0 0 0 0 </row>
	<row>0 0 0 0 0 0 0 0 0 0 0 0 0 0 0 0 0 0 0 0 0 0 0 0 0 0 0 0 0 0 0 0 0 0 0 0 0 0 0 0 </row>
	<row>0 0 0 0 0 0 0 0 0 0 0 0 0 0 0 0 0 0 0 0 0 0 0 0 0 0 0 0 0 0 0 0 0 0 0 0 0 0 0 0 </row>
	<row>0 0 0 0 0 0 0 0 0 0 0 0 0 0 0 0 0 0 0 0 0 0 0 0 0 0 0 0 0 0 0 0 0 0 0 0 0 0 0 0 </row>
	<row>0 0 0 0 0 0 0 0 0 0 0 0 0 0 0 0 0 0 0 0 0 0 0 0 0 0 0 0 0 0 0 0 0 0 0 0 0 0 0 0 </row>
	<row>0 0 0 0 0 0 0 0 0 0 0 0 0 0 0 0 0 0 0 0 0 0 0 0 0 0 0 0 0 0 0 0 0 0 0 0 0 0 0 0 </row>
	<row>0 0 0 0 0 0 0 0 0 0 0 0 0 0 0 0 0 0 0 0 0 0 0 0 0 0 0 0 0 0 0 0 0 0 0 0 0 0 0 0 </row>
	<row>0 0 0 0 0 0 0 0 0 0 0 0 0 0 0 0 0 0 0 0 0 0 0 0 0 0 0 0 0 0 0 0 0 0 0 0 0 0 0 0 </row>
	<row>0 0 0 0 0 0 0 0 0 0 0 0 0 0 0 0 0 0 0 0 0 0 0 0 0 0 0 0 0 0 0 0 0 0 0 0 0 0 0 0 </row>
	<row>0 0 0 0 0 0 0 0 0 0 0 0 0 0 0 0 0 0 0 0 0 0 0 0 0 0 0 0 0 0 0 0 0 0 0 0 0 0 0 0 </row>
	<row>0 0 0 0 0 0 0 0 0 0 0 0 0 0 0 0 0 0 0 0 0 0 0 0 0 0 0 0 0 0 0 0 0 0 0 0 0 0 0 0 </row>
	<row>0 0 0 0 0 0 0 0 0 0 0 0 0 0 0 0 0 0 0 0 0 0 0 0 0 0 0 0 0 0 0 0 0 0 0 0 0 0 0 0 </row>
	<row>0 0 0 0 0 0 0 0 0 0 0 0 0 0 0 0 0 0 0 0 0 0 0 0 0 0 0 0 0 0 0 0 0 0 0 0 0 0 0 0 </row>
	<row>0 0 0 0 0 0 0 0 0 0 0 0 0 0 0 0 0 0 0 0 0 0 0 0 0 0 0 0 0 0 0 0 0 0 0 0 0 0 0 0 </row>
	<row>0 0 0 0 0 0 0 0 0 0 0 0 0 0 0 0 0 0 0 0 0 0 0 0 0 0 0 0 0 0 0 4 5 5 5 5 6 0 0 0 </row>
	<row>0 0 0 0 0 0 0 0 0 0 0 0 0 0 0 0 0 0 0 0 0 0 0 0 0 0 0 0 0 0 0 10 11 11 11 11 12 0 0 0 </row>
	<row>0 0 0 0 0 0 0 0 0 0 0 0 0 0 0 0 0 0 0 0 0 0 0 0 0 0 0 0 0 0 0 0 0 0 0 0 0 0 0 0 </row>
	<row>0 0 0 0 0 0 0 0 0 0 0 0 0 0 0 0 0 0 0 0 0 0 0 0 0 0 0 0 0 0 0 0 0 0 0 0 0 0 0 0 </row>
	<row>0 0 0 0 0 0 0 0 0 0 0 0 0 0 0 0 0 0 0 0 0 0 0 0 0 0 0 0 0 0 0 0 0 0 0 0 0 0 0 0 </row>
	<row>0 0 0 0 0 0 0 0 0 0 0 0 0 0 0 0 0 0 0 0 0 0 0 0 0 0 0 0 0 0 0 0 0 0 0 0 0 0 0 0 </row>
	<row>0 0 0 0 0 0 0 0 0 0 0 0 0 0 0 0 0 0 0 0 0 0 0 0 0 0 0 0 0 0 0 0 0 0 0 0 0 0 0 0 </row>
	<row>0 0 0 0 0 0 0 0 0 0 0 0 0 0 0 0 0 0 0 0 0 0 0 0 0 0 0 0 0 0 0 0 0 0 0 0 0 0 0 0 </row>
	<row>0 0 0 0 0 0 0 0 0 0 0 0 0 0 0 0 0 0 0 0 0 0 0 0 0 0 0 0 0 0 0 0 0 0 0 0 0 0 0 0 </row>
	<row>0 0 0 0 0 0 0 0 0 0 0 0 0 0 0 0 0 0 0 0 0 0 0 0 0 0 0 0 0 0 0 0 0 0 0 0 0 0 0 0 </row>
	<row>0 0 0 0 0 0 0 0 0 0 0 0 0 0 0 0 0 0 0 0 0 0 0 0 0 0 0 0 0 0 0 0 0 0 0 0 0 0 0 0 </row>
	<row>0 0 0 0 0 0 0 0 0 0 0 0 0 0 0 0 0 0 0 0 0 0 0 0 0 0 0 0 0 0 0 0 0 0 0 0 0 0 0 0 </row>
	<row>0 0 0 0 0 0 0 0 0 0 0 0 0 0 0 0 0 0 0 0 0 0 0 0 0 0 0 0 0 0 0 0 0 0 0 0 0 0 0 0 </row>
	<row>0 0 0 0 0 0 0 0 0 0 0 0 0 0 0 0 0 0 0 0 0 0 0 0 0 0 0 0 0 0 0 0 0 0 0 0 0 0 0 0 </row>
	<row>0 0 0 0 0 0 0 0 0 0 0 0 0 0 0 0 0 0 0 0 0 0 0 0 0 0 0 0 0 0 0 0 0 0 0 0 0 0 0 0 </row>
	<row>0 0 0 0 0 0 0 0 0 0 0 0 0 0 0 0 0 0 0 0 0 0 0 0 0 0 0 0 0 0 0 0 0 0 0 0 0 0 0 0 </row>
	<row>0 0 0 0 0 0 0 0 0 0 0 0 0 0 0 0 0 0 0 0 0 0 0 0 0 0 0 0 0 0 0 0 0 0 0 0 0 0 0 0 </row>
	<row>0 0 0 0 0 0 0 0 0 0 0 0 0 0 0 0 0 0 0 0 0 0 0 0 0 0 0 0 0 0 0 0 0 0 0 0 0 0 0 0 </row>
	<row>0 0 0 0 0 0 0 0 0 0 0 0 0 0 0 0 0 0 0 0 0 0 0 0 0 0 0 0 0 0 0 0 0 0 0 0 0 0 0 0 </row>
	<object>
		<name>door</name>
		<pos>128 256</pos>
		<attributes>
			<portal>lot</portal>
			<where>512 64</where>
		</attributes>
	</object>
	<object>
		<name>tree</name>
		<pos>64 64</pos>
		<attributes>
			<growth>0</growth>
		</attributes>
	</object>
	<object>
		<name>tree</name>
		<pos>256 96</pos>
		<attributes>
			<growth>0</growth>
		</attributes>
	</object>
	<object>
		<name>tree</name>
		<pos>32 384</pos>
		<attributes>
			<growth>0</growth>
		</attributes>
	</object>
	<object>
		<name>tree</name>
		<pos>320 480</pos>
		<attributes>
			<growth>0</growth>
		</attributes>
	</object>
	<object>
		<name>tree</name>
		<pos>416 192</pos>
		<attributes>
			<growth>0</growth>
		</attributes>
	</object>
	<object>
		<name>tree</name>
		<pos>480 448</pos>
		<attributes>
			<growth>0</growth>
		</attributes>
	</object>
	<object>
		<name>tree</name>
		<pos>640 288</pos>
		<attributes>
			<growth>0</growth>
		</attributes>
	</object>
	<object>
		<name>tree</name>
		<pos>736 608</pos>
		<attributes>
			<growth>0</growth>
		</attributes>
	</object>
	<object>
		<name>tree</name>
		<pos>960 416</pos>
		<attributes>
			<growth>0</growth>
		</attributes>
	</object>
	<object>
		<name>tree</name>
		<pos>1056 608</pos>
		<attributes>
			<growth>0</growth>
		</attributes>
	</object>
	<object>
		<name>tree</name>
		<pos>960 768</pos>
		<attributes>
			<growth>0</growth>
		</attributes>
	</object>
	<object>
		<name>tree</name>
		<pos>768 896</pos>
		<attributes>
			<growth>0</growth>
		</attributes>
	</object>
	<object>
		<name>tree</name>
		<pos>608 768</pos>
		<attributes>
			<growth>0</growth>
		</attributes>
	</object>
	<object>
		<name>tree</name>
		<pos>416 704</pos>
		<attributes>
			<growth>0</growth>
		</attributes>
	</object>
	<object>
		<name>tree</name>
		<pos>352 896</pos>
		<attributes>
			<growth>0</growth>
		</attributes>
	</object>
	<object>
		<name>tree</name>
		<pos>96 672</pos>
		<attributes>
			<growth>0</growth>
		</attributes>
	</object>
	<object>
		<name>tree</name>
		<pos>64 768</pos>
		<attributes>
			<growth>0</growth>
		</attributes>
	</object>
	<object>
		<name>tree</name>
		<pos>128 992</pos>
		<attributes>
			<growth>0</growth>
		</attributes>
	</object>
	<object>
		<name>tree</name>
		<pos>640 1120</pos>
		<attributes>
			<growth>0</growth>
		</attributes>
	</object>
	<object>
		<name>tree</name>
		<pos>480 1184</pos>
		<attributes>
			<growth>0</growth>
		</attributes>
	</object>
	<object>
		<name>tree</name>
		<pos>608 928</pos>
		<attributes>
			<growth>0</growth>
		</attributes>
	</object>
	<object>
		<name>tree</name>
		<pos>864 1152</pos>
		<attributes>
			<growth>0</growth>
		</attributes>
	</object>
	<object>
		<name>tree</name>
		<pos>224 1120</pos>
		<attributes>
			<growth>0</growth>
		</attributes>
	</object>
	<object>
		<name>tree</name>
		<pos>896 928</pos>
		<attributes>
			<growth>0</growth>
		</attributes>
	</object>
	<object>
		<name>tree</name>
		<pos>1056 1184</pos>
		<attributes>
			<growth>0</growth>
		</attributes>
	</object>
	<object>
		<name>tree</name>
		<pos>1088 800</pos>
		<attributes>
			<growth>0</growth>
		</attributes>
	</object>
	<object>
		<name>tree</name>
		<pos>1120 992</pos>
		<attributes>
			<growth>0</growth>
		</attributes>
	</object>
	<object>
		<name>tree</name>
		<pos>832 512</pos>
		<attributes>
			<growth>0</growth>
		</attributes>
	</object>
	<object>
		<name>tree</name>
		<pos>1120 352</pos>
		<attributes>
			<growth>0</growth>
		</attributes>
	</object>
	<object>
		<name>tree</name>
		<pos>864 256</pos>
		<attributes>
			<growth>0</growth>
		</attributes>
	</object>
	<object>
		<name>tree</name>
		<pos>1056 96</pos>
		<attributes>
			<growth>0</growth>
		</attributes>
	</object>
	<object>
		<name>tree</name>
		<pos>704 32</pos>
		<attributes>
			<growth>0</growth>
		</attributes>
	</object>
	<object>
		<name>pine</name>
		<pos>192 448</pos>
		<attributes>
			<growth>0</growth>
		</attributes>
	</object>
	<object>
		<name>pine</name>
		<pos>320 160</pos>
		<attributes>
			<growth>0</growth>
		</attributes>
	</object>
	<object>
		<name>pine</name>
		<pos>576 128</pos>
		<attributes>
			<growth>0</growth>
		</attributes>
	</object>
	<object>
		<name>pine</name>
		<pos>640 512</pos>
		<attributes>
			<growth>0</growth>
		</attributes>
	</object>
	<object>
		<name>pine</name>
		<pos>480 640</pos>
		<attributes>
			<growth>0</growth>
		</attributes>
	</object>
	<object>
		<name>pine</name>
		<pos>192 672</pos>
		<attributes>
			<growth>0</growth>
		</attributes>
	</object>
	<object>
		<name>pine</name>
		<pos>704 736</pos>
		<attributes>
			<growth>0</growth>
		</attributes>
	</object>
	<object>
		<name>pine</name>
		<pos>224 928</pos>
		<attributes>
			<growth>0</growth>
		</attributes>
	</object>
	<object>
		<name>pine</name>
		<pos>800 992</pos>
		<attributes>
			<growth>0</growth>
		</attributes>
	</object>
	<object>
		<name>pine</name>
		<pos>416 1056</pos>
		<attributes>
			<growth>0</growth>
		</attributes>
	</object>
	<object>
		<name>pine</name>
		<pos>928 608</pos>
		<attributes>
			<growth>0</growth>
		</attributes>
	</object>
	<object>
		<name>flower</name>
		<pos>160 96</pos>
		<attributes>
			<growth>0</growth>
		</attributes>
	</object>
	<object>
		<name>flower</name>
		<pos>576 576</pos>
		<attributes>
			<growth>0</growth>
		</attributes>
	</object>
	<object>
		<name>flower</name>
		<pos>736 256</pos>
		<attributes>
			<growth>0</growth>
		</attributes>
	</object>
	<object>
		<name>flower</name>
		<pos>896 800</pos>
		<attributes>
			<growth>0</growth>
		</attributes>
	</object>
	<object>
		<name>flower</name>
		<pos>320 768</pos>
		<attributes>
			<growth>0</growth>
		</attributes>
	</object>
	<object>
		<name>grass</name>
		<pos>320 544</pos>
		<attributes>
			<growth>0</growth>
		</attributes>
	</object>
	<object>
		<name>grass</name>
		<pos>416 480</pos>
		<attributes>
			<growth>0</growth>
		</attributes>
	</object>
	<object>
		<name>grass</name>
		<pos>832 672</pos>
		<attributes>
			<growth>0</growth>
		</attributes>
	</object>
	<object>
		<name>grass</name>
		<pos>736 384</pos>
		<attributes>
			<growth>0</growth>
		</attributes>
	</object>
	<object>
		<name>grass</name>
		<pos>448 768</pos>
		<attributes>
			<growth>0</growth>
		</attributes>
	</object>
	<object>
		<name>grass</name>
		<pos>544 192</pos>
		<attributes>
			<growth>0</growth>
		</attributes>
	</object>
	<object>
		<name>grass</name>
		<pos>768 96</pos>
		<attributes>
			<growth>0</growth>
		</attributes>
	</object>
	<object>
		<name>grass</name>
		<pos>320 64</pos>
		<attributes>
			<growth>0</growth>
		</attributes>
	</object>
	<object>
		<name>grass</name>
		<pos>128 64</pos>
		<attributes>
			<growth>0</growth>
		</attributes>
	</object>
	<object>
		<name>grass</name>
		<pos>288 192</pos>
		<attributes>
			<growth>0</growth>
		</attributes>
	</object>
	<object>
		<name>grass</name>
		<pos>672 320</pos>
		<attributes>
			<growth>0</growth>
		</attributes>
	</object>
	<object>
		<name>grass</name>
		<pos>928 256</pos>
		<attributes>
			<growth>0</growth>
		</attributes>
	</object>
	<object>
		<name>grass</name>
		<pos>1088 608</pos>
		<attributes>
			<growth>0</growth>
		</attributes>
	</object>
	<object>
		<name>grass</name>
		<pos>992 896</pos>
		<attributes>
			<growth>0</growth>
		</attributes>
	</object>
	<object>
		<name>grass</name>
		<pos>1024 896</pos>
		<attributes>
			<growth>0</growth>
		</attributes>
	</object>
	<object>
		<name>grass</name>
		<pos>576 960</pos>
		<attributes>
			<growth>0</growth>
		</attributes>
	</object>
	<object>
		<name>grass</name>
		<pos>704 1152</pos>
		<attributes>
			<growth>0</growth>
		</attributes>
	</object>
	<object>
		<name>grass</name>
		<pos>928 1056</pos>
		<attributes>
			<growth>0</growth>
		</attributes>
	</object>
	<object>
		<name>grass</name>
		<pos>352 1152</pos>
		<attributes>
			<growth>0</growth>
		</attributes>
	</object>
	<object>
		<name>grass</name>
		<pos>256 992</pos>
		<attributes>
			<growth>0</growth>
		</attributes>
	</object>
	<object>
		<name>grass</name>
		<pos>64 1024</pos>
		<attributes>
			<growth>0</growth>
		</attributes>
	</object>
	<object>
		<name>poppy</name>
		<pos>576 320</pos>
		<attributes>
			<growth>0</growth>
		</attributes>
	</object>
	<object>
		<name>poppy</name>
		<pos>160 736</pos>
		<attributes>
			<growth>0</growth>
		</attributes>
	</object>
	<object>
		<name>poppy</name>
		<pos>736 704</pos>
		<attributes>
			<growth>0</growth>
		</attributes>
	</object>
	<object>
		<name>poppy</name>
		<pos>896 416</pos>
		<attributes>
			<growth>0</growth>
		</attributes>
	</object>
	<object>
		<name>rose</name>
		<pos>768 160</pos>
		<attributes>
			<growth>0</growth>
		</attributes>
	</object>
	<object>
		<name>rose</name>
		<pos>256 224</pos>
		<attributes>
			<growth>0</growth>
		</attributes>
	</object>
	<object>
		<name>rose</name>
		<pos>480 864</pos>
		<attributes>
			<growth>0</growth>
		</attributes>
	</object>
	<object>
		<name>rose</name>
		<pos>960 1056</pos>
		<attributes>
			<growth>0</growth>
		</attributes>
	</object>
	<object>
		<name>rose</name>
		<pos>416 1152</pos>
		<attributes>
			<growth>0</growth>
		</attributes>
	</object>
	<object>
		<name>rose</name>
		<pos>64 992</pos>
		<attributes>
			<growth>0</growth>
		</attributes>
	</object>
	<object>
		<name>tulip</name>
		<pos>96 480</pos>
		<attributes>
			<growth>0</growth>
		</attributes>
	</object>
	<object>
		<name>tulip</name>
		<pos>640 32</pos>
		<attributes>
			<growth>0</growth>
		</attributes>
	</object>
	<object>
		<name>tulip</name>
		<pos>992 608</pos>
		<attributes>
			<growth>0</growth>
		</attributes>
	</object>
	<object>
		<name>amanita</name>
		<pos>448 192</pos>
		<attributes>
			<growth>0</growth>
		</attributes>
	</object>
	<object>
		<name>amanita</name>
		<pos>832 608</pos>
		<attributes>
			<growth>0</growth>
		</attributes>
	</object>
	<object>
		<name>amanita</name>
		<pos>1120 832</pos>
		<attributes>
			<growth>0</growth>
		</attributes>
	</object>
	<object>
		<name>amanita</name>
		<pos>672 960</pos>
		<attributes>
			<growth>0</growth>
		</attributes>
	</object>
	<object>
		<name>chest</name>
		<pos>608 416</pos>
	</object>
	<object>
		<name>tree-stump</name>
		<pos>832 352</pos>
		<attributes>
			<growth>0</growth>
		</attributes>
	</object>
	<npc>
		<name>dog</name>
		<pos>388 397</pos>
	</npc>
	<npc>
		<name>ramcat</name>
		<pos>529 338</pos>
	</npc>
	<npc>
		<name>dog</name>
		<pos>199 146</pos>
	</npc>
	<npc>
		<name>dog</name>
		<pos>142 536</pos>
	</npc>
	<npc>
		<name>boss-dog</name>
		<pos>654 653</pos>
	</npc>
	<npc>
		<name>dog</name>
		<pos>797 316</pos>
	</npc>
	<npc>
		<name>dog</name>
		<pos>670 114</pos>
	</npc>
	<npc>
		<name>dog</name>
		<pos>900 652</pos>
	</npc>
	<npc>
		<name>dog</name>
		<pos>1021 891</pos>
	</npc>
	<npc>
		<name>dog</name>
		<pos>417 890</pos>
	</npc>
	<npc>
		<name>dog</name>
		<pos>1146 479</pos>
	</npc>
</root>