<root>
	<name>limbo</name>
	<size>18 18</size>
	<row>1 1 1 1 1 1 1 1 1 1 1 1 1 1 1 1 1 1 </row>
	<row>1 1 1 1 1 1 1 1 1 1 1 1 1 1 1 1 1 1 </row>
	<row>1 1 1 1 1 1 1 1 1 1 1 1 1 1 1 1 1 1 </row>
	<row>1 1 1 1 1 1 1 1 1 1 1 1 1 1 1 1 1 1 </row>
	<row>1 1 1 1 1 1 1 1 1 1 1 1 1 1 1 1 1 1 </row>
	<row>1 1 1 1 1 1 1 1 1 1 1 1 1 1 1 1 1 1 </row>
	<row>1 1 1 1 1 1 1 1 1 1 1 1 1 1 1 1 1 1 </row>
	<row>1 1 1 1 1 1 1 1 1 1 1 1 1 1 1 1 1 1 </row>
	<row>1 1 1 1 1 1 1 1 1 1 1 1 1 1 1 1 1 1 </row>
	<row>1 1 1 1 1 1 1 1 1 1 1 1 1 1 1 1 1 1 </row>
	<row>1 1 1 1 1 1 1 1 1 1 1 1 1 1 1 1 1 1 </row>
	<row>1 1 1 1 1 1 1 1 1 1 1 1 1 1 1 1 1 1 </row>
	<row>1 1 1 1 1 1 1 1 1 1 1 1 1 1 1 1 1 1 </row>
	<row>1 1 1 1 1 1 1 1 1 1 1 1 1 1 1 1 1 1 </row>
	<row>1 1 1 1 1 1 1 1 1 1 1 1 1 1 1 1 1 1 </row>
	<row>1 1 1 1 1 1 1 1 1 1 1 1 1 1 1 1 1 1 </row>
	<row>1 1 1 1 1 1 1 1 1 1 1 1 1 1 1 1 1 1 </row>
	<row>1 1 1 1 1 1 1 1 1 1 1 1 1 1 1 1 1 1 </row>
	<npc>
		<name>???</name>
		<pos>96 128</pos>
	</npc>
</root>