<root>
	<name>shop</name>
	<size>12 12</size>
	<indoors/>
	<attributes>
		<title>General Store</title>
		<climate>indoors</climate>
	</attributes>
	<row>1 1 1 1 1 1 1 1 1 1 1 1 </row>
	<row>1 1 1 1 1 1 1 1 1 1 1 1 </row>
	<row>1 1 1 1 1 1 1 1 1 1 1 1 </row>
	<row>1 1 1 1 1 1 1 1 1 1 1 1 </row>
	<row>1 1 1 1 1 1 1 1 1 1 1 1 </row>
	<row>1 1 1 1 1 1 1 1 1 1 1 1 </row>
	<row>1 1 1 1 1 1 1 1 1 1 1 1 </row>
	<row>1 1 1 1 1 1 1 1 1 1 1 1 </row>
	<row>1 1 1 1 1 1 1 1 1 1 1 1 </row>
	<row>1 1 1 1 1 1 1 1 1 1 1 1 </row>
	<row>1 1 1 1 1 1 1 1 1 1 1 1 </row>
	<row>1 1 1 1 1 1 1 1 1 1 1 1 </row>
	<object>
		<name>chair</name>
		<pos>256 32</pos>
		<attributes>
			<interact>16</interact>
		</attributes>
	</object>
	<object>
		<name>door</name>
		<pos>192 352</pos>
		<attributes>
			<portal>lot</portal>
			<where>288 164</where>
		</attributes>
	</object>
	<object>
		<name>chair</name>
		<pos>32 192</pos>
		<attributes>
			<interact>16</interact>
		</attributes>
	</object>
	<object>
		<name>chair</name>
		<pos>96 192</pos>
		<attributes>
			<interact>16</interact>
		</attributes>
	</object>
	<object>
		<name>chair</name>
		<pos>160 192</pos>
		<attributes>
			<interact>16</interact>
		</attributes>
	</object>
	<object>
		<name>chair</name>
		<pos>224 192</pos>
		<attributes>
			<interact>16</interact>
		</attributes>
	</object>
	<object>
		<name>table</name>
		<pos>192 160</pos>
	</object>
	<object>
		<name>table</name>
		<pos>128 160</pos>
	</object>
	<object>
		<name>table</name>
		<pos>64 160</pos>
	</object>
	<object>
		<name>table</name>
		<pos>0 160</pos>
	</object>
	<object>
		<name>cupboard</name>
		<pos>0 0</pos>
	</object>
	<object>
		<name>cupboard</name>
		<pos>64 0</pos>
	</object>
	<object>
		<name>cupboard</name>
		<pos>128 0</pos>
	</object>
	<npc>
		<met/>
		<name>shopkeeper</name>
		<pos>96 128</pos>
	</npc>
</root>