<?xml version="1.0" encoding="UTF-8"?>
<root>
	<name>house</name>
	<size>10 9</size>
	<attributes>
		<title>Cozy Home</title>
		<climate>indoors</climate>
	</attributes>
	<indoors/>
	<row>38 38 38 38 38 38 38 38 38 38 </row>
    <row>38 38 38 38 38 38 38 38 38 38 </row>
    <row>38 38 38 38 38 38 38 38 38 38 </row>
    <row>38 38 38 38 38 38 38 38 38 38 </row>
    <row>1 1 1 1 1 1 1 1 1 1 </row>
    <row>1 1 1 1 1 1 1 1 1 1 </row>
    <row>1 1 1 1 1 1 1 1 1 1 </row>
    <row>1 1 1 1 1 1 1 1 1 1 </row>
    <row>1 1 1 1 1 1 1 1 1 1 </row>
    <object>
        <name>table</name>
        <pos>32 224</pos>
    </object>
    <object>
        <name>bed</name>
        <pos>288 224</pos>
        <attributes>
            <interact>12</interact>
        </attributes>
    </object>
    <object>
        <name>chair</name>
        <pos>64 192</pos>
        <attributes>
            <interact>16</interact>
        </attributes>
    </object>
    <object>
        <name>cupboard</name>
        <pos>256 96</pos>
    </object>
    <object>
        <name>stove</name>
        <pos>0 128</pos>
    </object>
    <object>
        <name>window</name>
        <pos>64 32</pos>
    </object>
    <object>
        <name>window</name>
        <pos>224 32</pos>
    </object>
    <object>
        <name>table</name>
        <pos>32 128</pos>
    </object>
    <object>
        <name>table</name>
        <pos>96 128</pos>
    </object>
    <object>
        <name>furnace</name>
        <pos>160 128</pos>
        <attributes>
            <interact>15</interact>
        </attributes>
    </object>
	<object>
		<name>door</name>
		<pos>128 256</pos>
		<attributes>
			<portal>lot</portal>
			<where>1024 480</where>
		</attributes>
	</object>
	<npc>
		<name>cat</name>
		<pos>35 150</pos>
	</npc>
</root>