<root>
    <year>1</year>
    <season>2</season>
    <day>8</day>
    <funds>100</funds>
    <player>212 146</player>
    <toolbar>sword 1</toolbar>
    <toolbar>pickaxe 1</toolbar>
    <toolbar>hoe 1</toolbar>
    <toolbar>scythe 1</toolbar>
    <toolbar>axe 1</toolbar>
    <toolbar>delete 1</toolbar>
    <toolbar>terra 1</toolbar>
    <toolbar>god 1</toolbar>
    <toolbar>grapes 90</toolbar>
    <toolbar>potion 10</toolbar>
    <item>scimitar 1</item>
    <item>mace 1</item>
    <item>battleaxe 1</item>
    <item>longsword 1</item>
    <item>spear 1</item>
    <item>bone 1</item>
    <item>beer 1</item>
    <item>pine-cone 1</item>
    <item>tomato 1</item>
    <item>strawberry 1</item>
    <item>magic-mushroom 99</item>
    <item>blank</item>
    <item>blank</item>
    <item>blank</item>
    <item>blank</item>
    <item>blank</item>
    <item>blank</item>
    <item>blank</item>
    <item>blank</item>
    <item>blank</item>
    <item>blank</item>
    <item>blank</item>
    <item>blank</item>
    <item>blank</item>
    <item>blank</item>
    <item>blank</item>
    <item>blank</item>
    <item>blank</item>
    <item>blank</item>
    <item>blank</item>
    <item>blank</item>
    <item>blank</item>
    <item>blank</item>
    <item>blank</item>
    <item>blank</item>
    <item>blank</item>
    <item>blank</item>
    <item>blank</item>
    <item>blank</item>
    <item>blank</item>
    <skills>
        <charisma>1</charisma>
        <cooking>1</cooking>
        <crafting>1</crafting>
        <fishing>3</fishing>
        <woodcutting>1</woodcutting>
    </skills>
    <stats>
        <attack>6</attack>
        <defense>5</defense>
        <health>5</health>
        <speed>40</speed>
        <stamina>5</stamina>
    </stats>
    <stage>
        <name>desert</name>
        <size>40 40</size>
        <row>3 3 3 3 3 3 3 3 3 3 3 3 3 3 3 3 3 3 3 3 3 3 3 3 3 3 3 3 3 3 3 3 3 3 3 3 3 3 3 3 </row>
        <row>3 3 3 3 3 3 3 3 3 3 3 3 3 3 3 3 3 3 3 3 3 3 3 3 3 3 3 3 3 3 3 3 3 3 3 3 3 3 3 3 </row>
        <row>3 3 3 3 3 3 3 3 3 3 3 3 3 3 3 3 3 3 3 3 3 3 3 3 3 3 3 3 3 3 3 3 3 3 3 3 3 3 3 3 </row>
        <row>3 3 3 3 3 3 3 3 3 3 3 3 3 3 3 3 3 3 3 3 3 3 3 3 3 3 3 3 3 3 3 3 3 3 3 3 3 3 3 3 </row>
        <row>3 3 3 3 3 3 3 3 3 3 3 3 3 3 3 3 3 3 3 3 3 3 3 3 3 3 3 3 3 3 3 3 3 3 3 3 3 3 3 3 </row>
        <row>3 3 3 3 3 3 3 3 3 3 3 3 3 3 3 3 3 3 3 3 3 3 3 3 3 3 3 3 3 3 3 3 3 3 3 3 3 3 3 3 </row>
        <row>3 3 3 3 3 3 3 3 3 3 3 3 3 3 3 3 3 3 3 3 3 3 3 3 3 3 3 3 3 3 3 3 3 3 3 3 3 3 3 3 </row>
        <row>3 3 3 3 3 3 3 3 3 3 3 3 3 3 3 3 3 3 3 3 3 3 3 3 3 3 3 3 3 3 3 3 3 3 3 3 3 3 3 3 </row>
        <row>3 3 3 3 3 3 3 3 3 3 3 3 3 3 3 3 3 3 3 3 3 3 3 3 3 3 3 3 3 3 3 3 3 3 3 3 3 3 3 3 </row>
        <row>3 3 3 3 3 3 3 3 3 3 3 3 3 3 3 3 3 3 3 3 3 3 3 3 3 3 3 3 3 3 3 3 3 3 3 3 3 3 3 3 </row>
        <row>3 3 3 3 3 3 3 3 3 3 3 3 3 3 3 3 3 3 3 3 3 3 3 3 3 3 3 3 3 3 3 3 3 3 3 3 3 3 3 3 </row>
        <row>3 3 3 3 3 3 3 3 3 3 3 3 3 3 3 3 3 3 3 3 3 3 3 3 3 3 3 3 3 3 3 3 3 3 3 3 3 3 3 3 </row>
        <row>3 3 3 3 3 3 3 3 3 3 3 3 3 3 3 3 3 3 3 3 3 3 3 3 3 3 3 3 3 3 3 3 3 3 3 3 3 3 3 3 </row>
        <row>3 3 3 3 3 3 3 3 3 3 3 3 3 3 3 3 3 3 3 3 3 3 3 3 3 3 3 3 3 3 3 3 3 3 3 3 3 3 3 3 </row>
        <row>3 3 3 3 3 3 3 3 3 3 3 3 3 3 3 3 3 3 3 3 3 3 3 3 3 3 3 3 3 3 3 3 3 3 3 3 3 3 3 3 </row>
        <row>3 3 3 3 3 3 3 3 3 3 3 3 3 3 3 3 3 3 3 3 3 3 3 3 3 3 3 3 3 3 3 3 3 3 3 3 3 3 3 3 </row>
        <row>3 3 3 3 3 3 3 3 3 3 3 3 3 3 3 3 3 3 3 3 3 3 3 3 3 3 3 3 3 3 3 3 3 3 3 3 3 3 3 3 </row>
        <row>3 3 3 3 3 3 3 3 3 3 3 3 3 3 3 3 3 3 3 3 3 3 3 3 3 3 3 3 3 3 3 3 3 3 3 3 3 3 3 3 </row>
        <row>3 3 3 3 3 3 3 3 3 3 3 3 3 3 3 3 3 3 3 3 3 3 3 3 3 3 3 3 3 3 3 3 3 3 3 3 3 3 3 3 </row>
        <row>3 3 3 3 3 3 3 3 3 3 3 3 3 3 3 3 3 3 3 3 3 3 3 3 3 3 3 3 3 3 3 3 3 3 3 3 3 3 3 3 </row>
        <row>3 3 3 3 3 3 3 3 3 3 3 3 3 3 3 3 3 3 3 3 3 3 3 3 3 3 3 3 3 3 3 3 3 3 3 3 3 3 3 3 </row>
        <row>3 3 3 3 3 3 3 3 3 3 3 3 3 3 3 3 3 3 3 3 3 3 3 3 3 3 3 3 3 3 3 3 3 3 3 3 3 3 3 3 </row>
        <row>3 3 3 3 3 3 3 3 3 3 3 3 3 3 3 3 3 3 3 3 3 3 3 3 3 3 3 3 3 3 3 3 3 3 3 3 3 3 3 3 </row>
        <row>3 3 3 3 3 3 3 3 3 3 3 3 3 3 3 3 3 3 3 3 3 3 3 3 3 3 3 3 3 3 3 3 3 3 3 3 3 3 3 3 </row>
        <row>3 3 3 3 3 3 3 3 3 3 3 3 3 3 3 3 3 3 3 3 3 3 3 3 3 3 3 3 3 3 3 3 3 3 3 3 3 3 3 3 </row>
        <row>3 3 3 3 3 3 3 3 3 3 3 3 3 3 3 3 3 3 3 3 3 3 3 3 3 3 3 3 3 3 3 3 3 3 3 3 3 3 3 3 </row>
        <row>3 3 3 3 3 3 3 3 3 3 3 3 3 3 3 3 3 3 3 3 3 3 3 3 3 3 3 3 3 3 3 3 3 3 3 3 3 3 3 3 </row>
        <row>3 3 3 3 3 3 3 3 3 3 3 3 3 3 3 3 3 3 3 3 3 3 3 3 3 3 3 3 3 3 3 3 3 3 3 3 3 3 3 3 </row>
        <row>3 3 3 3 3 3 3 3 3 3 3 3 3 3 3 3 3 3 3 3 3 3 3 3 3 3 3 3 3 3 3 3 3 3 3 3 3 3 3 3 </row>
        <row>3 3 3 3 3 3 3 3 3 3 3 3 3 3 3 3 3 3 3 3 3 3 3 3 3 3 3 3 3 3 3 3 3 3 3 3 3 3 3 3 </row>
        <row>3 3 3 3 3 3 3 3 3 3 3 3 3 3 3 3 3 3 3 3 3 3 3 3 3 3 3 3 3 3 3 3 3 3 3 3 3 3 3 3 </row>
        <row>3 3 3 3 3 3 3 3 3 3 3 3 3 3 3 3 3 3 3 3 3 3 3 3 3 3 3 3 3 3 3 3 3 3 3 3 3 3 3 3 </row>
        <row>3 3 3 3 3 3 3 3 3 3 3 3 3 3 3 3 3 3 3 3 3 3 3 3 3 3 3 3 3 3 3 3 3 3 3 3 3 3 3 3 </row>
        <row>3 3 3 3 3 3 3 3 3 3 3 3 3 3 3 3 3 3 3 3 3 3 3 3 3 3 3 3 3 3 3 3 3 3 3 3 3 3 3 3 </row>
        <row>3 3 3 3 3 3 3 3 3 3 3 3 3 3 3 3 3 3 3 3 3 3 3 3 3 3 3 3 3 3 3 3 3 3 3 3 3 3 3 3 </row>
        <row>3 3 3 3 3 3 3 3 3 3 3 3 3 3 3 3 3 3 3 3 3 3 3 3 3 3 3 3 3 3 3 3 3 3 3 3 3 3 3 3 </row>
        <row>3 3 3 3 3 3 3 3 3 3 3 3 3 3 3 3 3 3 3 3 3 3 3 3 3 3 3 3 3 3 3 3 3 3 3 3 3 3 3 3 </row>
        <row>3 3 3 3 3 3 3 3 3 3 3 3 3 3 3 3 3 3 3 3 3 3 3 3 3 3 3 3 3 3 3 3 3 3 3 3 3 3 3 3 </row>
        <row>3 3 3 3 3 3 3 3 3 3 3 3 3 3 3 3 3 3 3 3 3 3 3 3 3 3 3 3 3 3 3 3 3 3 3 3 3 3 3 3 </row>
        <row>3 3 3 3 3 3 3 3 3 3 3 3 3 3 3 3 3 3 3 3 3 3 3 3 3 3 3 3 3 3 3 3 3 3 3 3 3 3 3 3 </row>
        <object>
            <name>door</name>
            <pos>128 256</pos>
            <attributes>
                <portal>lot</portal>
                <where>512 64</where>
            </attributes>
        </object>
        <object>
            <name>column</name>
            <pos>64 384</pos>
        </object>
        <object>
            <name>column</name>
            <pos>192 384</pos>
        </object>
        <object>
            <name>column</name>
            <pos>64 512</pos>
        </object>
        <object>
            <name>column</name>
            <pos>192 512</pos>
        </object>
        <object>
            <name>column</name>
            <pos>64 640</pos>
        </object>
        <object>
            <name>column</name>
            <pos>192 640</pos>
        </object>
        <object>
            <name>column</name>
            <pos>64 768</pos>
        </object>
        <object>
            <name>column</name>
            <pos>192 768</pos>
        </object>
        <object>
            <name>column_ruin</name>
            <pos>448 832</pos>
        </object>
        <object>
            <name>column_ruin</name>
            <pos>640 608</pos>
        </object>
        <object>
            <name>column_ruin</name>
            <pos>576 320</pos>
        </object>
        <object>
            <name>stone</name>
            <pos>192 288</pos>
        </object>
        <object>
            <name>stone</name>
            <pos>512 640</pos>
        </object>
        <object>
            <name>stone</name>
            <pos>416 416</pos>
        </object>
        <object>
            <name>stone</name>
            <pos>768 320</pos>
        </object>
        <object>
            <name>stone</name>
            <pos>896 608</pos>
        </object>
        <object>
            <name>stone</name>
            <pos>768 800</pos>
        </object>
        <object>
            <name>stone</name>
            <pos>1120 768</pos>
        </object>
        <object>
            <name>stone</name>
            <pos>1056 544</pos>
        </object>
        <object>
            <name>stone</name>
            <pos>928 1088</pos>
        </object>
        <object>
            <name>stone</name>
            <pos>352 64</pos>
        </object>
        <object>
            <name>cactus</name>
            <pos>320 320</pos>
            <attributes>
                <growth>0</growth>
            </attributes>
        </object>
        <object>
            <name>cactus</name>
            <pos>224 128</pos>
            <attributes>
                <growth>0</growth>
            </attributes>
        </object>
        <object>
            <name>cactus</name>
            <pos>64 32</pos>
            <attributes>
                <growth>0</growth>
            </attributes>
        </object>
        <object>
            <name>cactus</name>
            <pos>544 224</pos>
            <attributes>
                <growth>0</growth>
            </attributes>
        </object>
        <object>
            <name>cactus</name>
            <pos>576 448</pos>
            <attributes>
                <growth>0</growth>
            </attributes>
        </object>
        <object>
            <name>cactus</name>
            <pos>288 640</pos>
            <attributes>
                <growth>0</growth>
            </attributes>
        </object>
        <object>
            <name>cactus</name>
            <pos>864 416</pos>
            <attributes>
                <growth>0</growth>
            </attributes>
        </object>
        <object>
            <name>cactus</name>
            <pos>576 768</pos>
            <attributes>
                <growth>0</growth>
            </attributes>
        </object>
        <object>
            <name>cactus</name>
            <pos>992 800</pos>
            <attributes>
                <growth>0</growth>
            </attributes>
        </object>
        <object>
            <name>cactus</name>
            <pos>1184 608</pos>
            <attributes>
                <growth>0</growth>
            </attributes>
        </object>
        <object>
            <name>cactus</name>
            <pos>832 1024</pos>
            <attributes>
                <growth>0</growth>
            </attributes>
        </object>
        <object>
            <name>cactus</name>
            <pos>576 1024</pos>
            <attributes>
                <growth>0</growth>
            </attributes>
        </object>
        <object>
            <name>cactus</name>
            <pos>960 1184</pos>
            <attributes>
                <growth>0</growth>
            </attributes>
        </object>
        <object>
            <name>cactus</name>
            <pos>352 1024</pos>
            <attributes>
                <growth>0</growth>
            </attributes>
        </object>
        <object>
            <name>cactus</name>
            <pos>192 896</pos>
            <attributes>
                <growth>0</growth>
            </attributes>
        </object>
        <object>
            <name>cactus</name>
            <pos>32 1056</pos>
            <attributes>
                <growth>0</growth>
            </attributes>
        </object>
        <object>
            <name>cactus</name>
            <pos>352 1216</pos>
            <attributes>
                <growth>0</growth>
            </attributes>
        </object>
        <object>
            <name>cactus</name>
            <pos>384 736</pos>
            <attributes>
                <growth>0</growth>
            </attributes>
        </object>
        <object>
            <name>cactus</name>
            <pos>32 672</pos>
            <attributes>
                <growth>0</growth>
            </attributes>
        </object>
        <object>
            <name>cactus</name>
            <pos>352 512</pos>
            <attributes>
                <growth>0</growth>
            </attributes>
        </object>
        <object>
            <name>cactus</name>
            <pos>864 608</pos>
            <attributes>
                <growth>0</growth>
            </attributes>
        </object>
        <object>
            <name>cactus</name>
            <pos>896 160</pos>
            <attributes>
                <growth>0</growth>
            </attributes>
        </object>
        <object>
            <name>cactus</name>
            <pos>640 32</pos>
            <attributes>
                <growth>0</growth>
            </attributes>
        </object>
        <object>
            <name>cactus</name>
            <pos>1088 256</pos>
            <attributes>
                <growth>0</growth>
            </attributes>
        </object>
        <object>
            <name>cactus</name>
            <pos>1152 32</pos>
            <attributes>
                <growth>0</growth>
            </attributes>
        </object>
    </stage>
    <stage>
        <name>forest</name>
        <size>40 40</size>
        <row>14 14 14 14 14 14 14 14 14 14 14 14 14 14 14 14 14 14 14 14 14 14 14 14 14 14 14 14 14 14 14 14 14 14 14 14 14 14 14 14 </row>
        <row>0 0 0 0 0 0 0 0 0 0 0 0 0 0 0 0 0 0 0 0 0 0 0 0 0 0 0 0 0 0 0 0 0 0 0 0 0 0 0 0 </row>
        <row>0 0 0 0 0 0 0 0 0 0 0 0 0 0 0 0 0 0 0 0 0 0 0 0 0 0 0 0 0 0 0 0 0 0 0 0 0 0 0 0 </row>
        <row>0 0 0 0 0 0 0 0 0 0 0 0 0 0 0 0 0 0 0 0 0 0 0 0 0 0 0 0 0 0 0 0 0 0 0 0 0 0 0 0 </row>
        <row>0 0 0 0 0 0 0 0 0 0 0 0 0 0 0 0 0 0 0 0 0 0 0 0 0 0 0 0 0 0 0 0 0 0 0 0 0 0 0 0 </row>
        <row>0 0 0 0 0 0 0 0 0 0 0 0 0 0 0 0 0 0 0 0 0 0 0 0 0 0 0 0 0 0 0 0 0 0 0 0 0 0 0 0 </row>
        <row>0 0 0 0 0 0 0 0 0 0 0 0 0 0 0 0 0 0 0 0 0 0 0 0 0 0 0 0 0 0 0 0 0 0 0 0 0 0 0 0 </row>
        <row>0 0 0 0 0 0 0 0 0 0 0 0 0 0 0 0 0 0 0 0 0 0 0 0 0 0 0 0 0 0 0 0 0 0 0 0 0 0 0 0 </row>
        <row>0 0 0 0 0 0 0 0 0 0 0 0 0 0 0 0 0 0 0 0 0 0 0 0 0 0 0 0 0 0 0 0 0 0 0 0 0 0 0 0 </row>
        <row>0 0 0 0 0 0 0 0 0 0 0 0 0 0 0 0 0 0 0 0 0 0 0 0 0 0 0 0 0 0 0 0 0 0 0 0 0 0 0 0 </row>
        <row>0 0 0 0 0 0 0 0 0 0 0 0 0 0 0 0 0 0 0 0 0 0 0 0 0 0 0 0 0 0 0 0 0 0 0 0 0 0 0 0 </row>
        <row>0 0 0 0 0 0 0 0 0 0 0 0 0 0 0 0 0 0 0 0 0 0 0 0 0 0 0 0 0 0 0 0 0 0 0 0 0 0 0 0 </row>
        <row>0 0 0 0 0 0 0 0 0 0 0 0 0 0 0 0 0 0 0 0 0 0 0 0 0 0 0 0 0 0 0 0 0 0 0 0 0 0 0 0 </row>
        <row>0 0 0 0 0 0 0 0 0 0 0 0 0 0 0 0 0 0 0 0 0 0 0 0 0 0 0 0 0 0 0 0 0 0 0 0 0 0 0 0 </row>
        <row>0 0 0 0 0 0 0 0 0 0 0 0 0 0 0 0 0 0 0 0 0 0 0 0 0 0 0 0 0 0 0 0 0 0 0 0 0 0 0 0 </row>
        <row>0 0 0 0 0 0 0 0 0 0 0 0 0 0 0 0 0 0 0 0 0 0 0 0 0 0 0 0 0 0 0 0 0 0 0 0 0 0 0 0 </row>
        <row>0 0 0 0 0 0 0 0 0 0 0 0 0 0 0 0 0 0 0 0 0 0 0 0 0 0 0 0 0 0 0 0 0 0 0 0 0 0 0 0 </row>
        <row>0 0 0 0 0 0 0 0 0 0 0 0 0 0 0 0 0 0 0 0 0 0 0 0 0 0 0 0 0 0 0 0 0 0 0 0 0 0 0 0 </row>
        <row>0 0 0 0 0 0 0 0 0 0 0 0 0 0 0 0 0 0 0 0 0 0 0 0 0 0 0 0 0 0 0 0 0 0 0 0 0 0 0 0 </row>
        <row>0 0 0 0 0 0 0 0 0 0 0 0 0 0 0 0 0 0 0 0 0 0 0 0 0 0 0 0 0 0 0 0 0 0 0 0 0 0 0 0 </row>
        <row>0 0 0 0 0 0 0 0 0 0 0 0 0 0 0 0 0 0 0 0 0 0 0 0 0 0 0 0 0 0 0 0 0 0 0 0 0 0 0 0 </row>
        <row>0 0 0 0 0 0 0 0 0 0 0 0 0 0 0 0 0 0 0 0 0 0 0 0 0 0 0 0 0 0 0 4 5 5 5 5 6 0 0 0 </row>
        <row>0 0 0 0 0 0 0 0 0 0 0 0 0 0 0 0 0 0 0 0 0 0 0 0 0 0 0 0 0 0 0 10 11 11 11 11 12 0 0 0 </row>
        <row>0 0 0 0 0 0 0 0 0 0 0 0 0 0 0 0 0 0 0 0 0 0 0 0 0 0 0 0 0 0 0 0 0 0 0 0 0 0 0 0 </row>
        <row>0 0 0 0 0 0 0 0 0 0 0 0 0 0 0 0 0 0 0 0 0 0 0 0 0 0 0 0 0 0 0 0 0 0 0 0 0 0 0 0 </row>
        <row>0 0 0 0 0 0 0 0 0 0 0 0 0 0 0 0 0 0 0 0 0 0 0 0 0 0 0 0 0 0 0 0 0 0 0 0 0 0 0 0 </row>
        <row>0 0 0 0 0 0 0 0 0 0 0 0 0 0 0 0 0 0 0 0 0 0 0 0 0 0 0 0 0 0 0 0 0 0 0 0 0 0 0 0 </row>
        <row>0 0 0 0 0 0 0 0 0 0 0 0 0 0 0 0 0 0 0 0 0 0 0 0 0 0 0 0 0 0 0 0 0 0 0 0 0 0 0 0 </row>
        <row>0 0 0 0 0 0 0 0 0 0 0 0 0 0 0 0 0 0 0 0 0 0 0 0 0 0 0 0 0 0 0 0 0 0 0 0 0 0 0 0 </row>
        <row>0 0 0 0 0 0 0 0 0 0 0 0 0 0 0 0 0 0 0 0 0 0 0 0 0 0 0 0 0 0 0 0 0 0 0 0 0 0 0 0 </row>
        <row>0 0 0 0 0 0 0 0 0 0 0 0 0 0 0 0 0 0 0 0 0 0 0 0 0 0 0 0 0 0 0 0 0 0 0 0 0 0 0 0 </row>
        <row>0 0 0 0 0 0 0 0 0 0 0 0 0 0 0 0 0 0 0 0 0 0 0 0 0 0 0 0 0 0 0 0 0 0 0 0 0 0 0 0 </row>
        <row>0 0 0 0 0 0 0 0 0 0 0 0 0 0 0 0 0 0 0 0 0 0 0 0 0 0 0 0 0 0 0 0 0 0 0 0 0 0 0 0 </row>
        <row>0 0 0 0 0 0 0 0 0 0 0 0 0 0 0 0 0 0 0 0 0 0 0 0 0 0 0 0 0 0 0 0 0 0 0 0 0 0 0 0 </row>
        <row>0 0 0 0 0 0 0 0 0 0 0 0 0 0 0 0 0 0 0 0 0 0 0 0 0 0 0 0 0 0 0 0 0 0 0 0 0 0 0 0 </row>
        <row>0 0 0 0 0 0 0 0 0 0 0 0 0 0 0 0 0 0 0 0 0 0 0 0 0 0 0 0 0 0 0 0 0 0 0 0 0 0 0 0 </row>
        <row>0 0 0 0 0 0 0 0 0 0 0 0 0 0 0 0 0 0 0 0 0 0 0 0 0 0 0 0 0 0 0 0 0 0 0 0 0 0 0 0 </row>
        <row>0 0 0 0 0 0 0 0 0 0 0 0 0 0 0 0 0 0 0 0 0 0 0 0 0 0 0 0 0 0 0 0 0 0 0 0 0 0 0 0 </row>
        <row>0 0 0 0 0 0 0 0 0 0 0 0 0 0 0 0 0 0 0 0 0 0 0 0 0 0 0 0 0 0 0 0 0 0 0 0 0 0 0 0 </row>
        <row>0 0 0 0 0 0 0 0 0 0 0 0 0 0 0 0 0 0 0 0 0 0 0 0 0 0 0 0 0 0 0 0 0 0 0 0 0 0 0 0 </row>
        <object>
            <name>door</name>
            <pos>128 256</pos>
            <attributes>
                <portal>lot</portal>
                <where>512 64</where>
            </attributes>
        </object>
        <object>
            <name>tree</name>
            <pos>64 64</pos>
            <attributes>
                <growth>0</growth>
            </attributes>
        </object>
        <object>
            <name>tree</name>
            <pos>256 96</pos>
            <attributes>
                <growth>0</growth>
            </attributes>
        </object>
        <object>
            <name>tree</name>
            <pos>32 384</pos>
            <attributes>
                <growth>0</growth>
            </attributes>
        </object>
        <object>
            <name>tree</name>
            <pos>320 480</pos>
            <attributes>
                <growth>0</growth>
            </attributes>
        </object>
        <object>
            <name>tree</name>
            <pos>416 192</pos>
            <attributes>
                <growth>0</growth>
            </attributes>
        </object>
        <object>
            <name>tree</name>
            <pos>480 448</pos>
            <attributes>
                <growth>0</growth>
            </attributes>
        </object>
        <object>
            <name>tree</name>
            <pos>640 288</pos>
            <attributes>
                <growth>0</growth>
            </attributes>
        </object>
        <object>
            <name>tree</name>
            <pos>736 608</pos>
            <attributes>
                <growth>0</growth>
            </attributes>
        </object>
        <object>
            <name>tree</name>
            <pos>960 416</pos>
            <attributes>
                <growth>0</growth>
            </attributes>
        </object>
        <object>
            <name>tree</name>
            <pos>1056 608</pos>
            <attributes>
                <growth>0</growth>
            </attributes>
        </object>
        <object>
            <name>tree</name>
            <pos>960 768</pos>
            <attributes>
                <growth>0</growth>
            </attributes>
        </object>
        <object>
            <name>tree</name>
            <pos>768 896</pos>
            <attributes>
                <growth>0</growth>
            </attributes>
        </object>
        <object>
            <name>tree</name>
            <pos>608 768</pos>
            <attributes>
                <growth>0</growth>
            </attributes>
        </object>
        <object>
            <name>tree</name>
            <pos>416 704</pos>
            <attributes>
                <growth>0</growth>
            </attributes>
        </object>
        <object>
            <name>tree</name>
            <pos>352 896</pos>
            <attributes>
                <growth>0</growth>
            </attributes>
        </object>
        <object>
            <name>tree</name>
            <pos>96 672</pos>
            <attributes>
                <growth>0</growth>
            </attributes>
        </object>
        <object>
            <name>tree</name>
            <pos>64 768</pos>
            <attributes>
                <growth>0</growth>
            </attributes>
        </object>
        <object>
            <name>tree</name>
            <pos>128 992</pos>
            <attributes>
                <growth>0</growth>
            </attributes>
        </object>
        <object>
            <name>tree</name>
            <pos>640 1120</pos>
            <attributes>
                <growth>0</growth>
            </attributes>
        </object>
        <object>
            <name>tree</name>
            <pos>480 1184</pos>
            <attributes>
                <growth>0</growth>
            </attributes>
        </object>
        <object>
            <name>tree</name>
            <pos>608 928</pos>
            <attributes>
                <growth>0</growth>
            </attributes>
        </object>
        <object>
            <name>tree</name>
            <pos>864 1152</pos>
            <attributes>
                <growth>0</growth>
            </attributes>
        </object>
        <object>
            <name>tree</name>
            <pos>224 1120</pos>
            <attributes>
                <growth>0</growth>
            </attributes>
        </object>
        <object>
            <name>tree</name>
            <pos>896 928</pos>
            <attributes>
                <growth>0</growth>
            </attributes>
        </object>
        <object>
            <name>tree</name>
            <pos>1056 1184</pos>
            <attributes>
                <growth>0</growth>
            </attributes>
        </object>
        <object>
            <name>tree</name>
            <pos>1088 800</pos>
            <attributes>
                <growth>0</growth>
            </attributes>
        </object>
        <object>
            <name>tree</name>
            <pos>1120 992</pos>
            <attributes>
                <growth>0</growth>
            </attributes>
        </object>
        <object>
            <name>tree</name>
            <pos>832 512</pos>
            <attributes>
                <growth>0</growth>
            </attributes>
        </object>
        <object>
            <name>tree</name>
            <pos>1120 352</pos>
            <attributes>
                <growth>0</growth>
            </attributes>
        </object>
        <object>
            <name>tree</name>
            <pos>864 256</pos>
            <attributes>
                <growth>0</growth>
            </attributes>
        </object>
        <object>
            <name>tree</name>
            <pos>1056 96</pos>
            <attributes>
                <growth>0</growth>
            </attributes>
        </object>
        <object>
            <name>tree</name>
            <pos>704 32</pos>
            <attributes>
                <growth>0</growth>
            </attributes>
        </object>
        <object>
            <name>pine</name>
            <pos>192 448</pos>
            <attributes>
                <growth>0</growth>
            </attributes>
        </object>
        <object>
            <name>pine</name>
            <pos>320 160</pos>
            <attributes>
                <growth>0</growth>
            </attributes>
        </object>
        <object>
            <name>pine</name>
            <pos>576 128</pos>
            <attributes>
                <growth>0</growth>
            </attributes>
        </object>
        <object>
            <name>pine</name>
            <pos>640 512</pos>
            <attributes>
                <growth>0</growth>
            </attributes>
        </object>
        <object>
            <name>pine</name>
            <pos>480 640</pos>
            <attributes>
                <growth>0</growth>
            </attributes>
        </object>
        <object>
            <name>pine</name>
            <pos>192 672</pos>
            <attributes>
                <growth>0</growth>
            </attributes>
        </object>
        <object>
            <name>pine</name>
            <pos>704 736</pos>
            <attributes>
                <growth>0</growth>
            </attributes>
        </object>
        <object>
            <name>pine</name>
            <pos>224 928</pos>
            <attributes>
                <growth>0</growth>
            </attributes>
        </object>
        <object>
            <name>pine</name>
            <pos>800 992</pos>
            <attributes>
                <growth>0</growth>
            </attributes>
        </object>
        <object>
            <name>pine</name>
            <pos>416 1056</pos>
            <attributes>
                <growth>0</growth>
            </attributes>
        </object>
        <object>
            <name>pine</name>
            <pos>928 608</pos>
            <attributes>
                <growth>0</growth>
            </attributes>
        </object>
        <object>
            <name>flower</name>
            <pos>160 96</pos>
            <attributes>
                <growth>0</growth>
            </attributes>
        </object>
        <object>
            <name>flower</name>
            <pos>576 576</pos>
            <attributes>
                <growth>0</growth>
            </attributes>
        </object>
        <object>
            <name>flower</name>
            <pos>736 256</pos>
            <attributes>
                <growth>0</growth>
            </attributes>
        </object>
        <object>
            <name>flower</name>
            <pos>896 800</pos>
            <attributes>
                <growth>0</growth>
            </attributes>
        </object>
        <object>
            <name>flower</name>
            <pos>320 768</pos>
            <attributes>
                <growth>0</growth>
            </attributes>
        </object>
        <object>
            <name>grass</name>
            <pos>320 544</pos>
            <attributes>
                <growth>0</growth>
            </attributes>
        </object>
        <object>
            <name>grass</name>
            <pos>416 480</pos>
            <attributes>
                <growth>0</growth>
            </attributes>
        </object>
        <object>
            <name>grass</name>
            <pos>832 672</pos>
            <attributes>
                <growth>0</growth>
            </attributes>
        </object>
        <object>
            <name>grass</name>
            <pos>736 384</pos>
            <attributes>
                <growth>0</growth>
            </attributes>
        </object>
        <object>
            <name>grass</name>
            <pos>448 768</pos>
            <attributes>
                <growth>0</growth>
            </attributes>
        </object>
        <object>
            <name>grass</name>
            <pos>544 192</pos>
            <attributes>
                <growth>0</growth>
            </attributes>
        </object>
        <object>
            <name>grass</name>
            <pos>768 96</pos>
            <attributes>
                <growth>0</growth>
            </attributes>
        </object>
        <object>
            <name>grass</name>
            <pos>320 64</pos>
            <attributes>
                <growth>0</growth>
            </attributes>
        </object>
        <object>
            <name>grass</name>
            <pos>128 64</pos>
            <attributes>
                <growth>0</growth>
            </attributes>
        </object>
        <object>
            <name>grass</name>
            <pos>288 192</pos>
            <attributes>
                <growth>0</growth>
            </attributes>
        </object>
        <object>
            <name>grass</name>
            <pos>672 320</pos>
            <attributes>
                <growth>0</growth>
            </attributes>
        </object>
        <object>
            <name>grass</name>
            <pos>928 256</pos>
            <attributes>
                <growth>0</growth>
            </attributes>
        </object>
        <object>
            <name>grass</name>
            <pos>1088 608</pos>
            <attributes>
                <growth>0</growth>
            </attributes>
        </object>
        <object>
            <name>grass</name>
            <pos>992 896</pos>
            <attributes>
                <growth>0</growth>
            </attributes>
        </object>
        <object>
            <name>grass</name>
            <pos>1024 896</pos>
            <attributes>
                <growth>0</growth>
            </attributes>
        </object>
        <object>
            <name>grass</name>
            <pos>576 960</pos>
            <attributes>
                <growth>0</growth>
            </attributes>
        </object>
        <object>
            <name>grass</name>
            <pos>704 1152</pos>
            <attributes>
                <growth>0</growth>
            </attributes>
        </object>
        <object>
            <name>grass</name>
            <pos>928 1056</pos>
            <attributes>
                <growth>0</growth>
            </attributes>
        </object>
        <object>
            <name>grass</name>
            <pos>352 1152</pos>
            <attributes>
                <growth>0</growth>
            </attributes>
        </object>
        <object>
            <name>grass</name>
            <pos>256 992</pos>
            <attributes>
                <growth>0</growth>
            </attributes>
        </object>
        <object>
            <name>grass</name>
            <pos>64 1024</pos>
            <attributes>
                <growth>0</growth>
            </attributes>
        </object>
        <object>
            <name>poppy</name>
            <pos>576 320</pos>
            <attributes>
                <growth>0</growth>
            </attributes>
        </object>
        <object>
            <name>poppy</name>
            <pos>160 736</pos>
            <attributes>
                <growth>0</growth>
            </attributes>
        </object>
        <object>
            <name>poppy</name>
            <pos>736 704</pos>
            <attributes>
                <growth>0</growth>
            </attributes>
        </object>
        <object>
            <name>poppy</name>
            <pos>896 416</pos>
            <attributes>
                <growth>0</growth>
            </attributes>
        </object>
        <object>
            <name>rose</name>
            <pos>768 160</pos>
            <attributes>
                <growth>0</growth>
            </attributes>
        </object>
        <object>
            <name>rose</name>
            <pos>256 224</pos>
            <attributes>
                <growth>0</growth>
            </attributes>
        </object>
        <object>
            <name>rose</name>
            <pos>480 864</pos>
            <attributes>
                <growth>0</growth>
            </attributes>
        </object>
        <object>
            <name>rose</name>
            <pos>960 1056</pos>
            <attributes>
                <growth>0</growth>
            </attributes>
        </object>
        <object>
            <name>rose</name>
            <pos>416 1152</pos>
            <attributes>
                <growth>0</growth>
            </attributes>
        </object>
        <object>
            <name>rose</name>
            <pos>64 992</pos>
            <attributes>
                <growth>0</growth>
            </attributes>
        </object>
        <object>
            <name>tulip</name>
            <pos>96 480</pos>
            <attributes>
                <growth>0</growth>
            </attributes>
        </object>
        <object>
            <name>tulip</name>
            <pos>640 32</pos>
            <attributes>
                <growth>0</growth>
            </attributes>
        </object>
        <object>
            <name>tulip</name>
            <pos>992 608</pos>
            <attributes>
                <growth>0</growth>
            </attributes>
        </object>
        <object>
            <name>amanita</name>
            <pos>448 192</pos>
            <attributes>
                <growth>0</growth>
            </attributes>
        </object>
        <object>
            <name>amanita</name>
            <pos>832 608</pos>
            <attributes>
                <growth>0</growth>
            </attributes>
        </object>
        <object>
            <name>amanita</name>
            <pos>1120 832</pos>
            <attributes>
                <growth>0</growth>
            </attributes>
        </object>
        <object>
            <name>amanita</name>
            <pos>672 960</pos>
            <attributes>
                <growth>0</growth>
            </attributes>
        </object>
        <object>
            <name>chest</name>
            <pos>608 416</pos>
        </object>
        <object>
            <name>tree-stump</name>
            <pos>832 352</pos>
            <attributes>
                <growth>0</growth>
            </attributes>
        </object>
        <npc>
            <name>dog</name>
            <pos>388 397</pos>
        </npc>
        <npc>
            <name>ramcat</name>
            <pos>529 338</pos>
        </npc>
        <npc>
            <name>dog</name>
            <pos>199 146</pos>
        </npc>
        <npc>
            <name>dog</name>
            <pos>142 536</pos>
        </npc>
        <npc>
            <name>boss-dog</name>
            <pos>654 653</pos>
        </npc>
        <npc>
            <name>dog</name>
            <pos>797 316</pos>
        </npc>
        <npc>
            <name>dog</name>
            <pos>670 114</pos>
        </npc>
        <npc>
            <name>dog</name>
            <pos>900 652</pos>
        </npc>
        <npc>
            <name>dog</name>
            <pos>1021 891</pos>
        </npc>
        <npc>
            <name>dog</name>
            <pos>417 890</pos>
        </npc>
        <npc>
            <name>dog</name>
            <pos>1146 479</pos>
        </npc>
    </stage>
    <stage>
        <name>house</name>
        <size>9 9</size>
        <indoors/>
        <row>1 1 1 1 1 1 1 1 1 </row>
        <row>1 1 1 1 1 1 1 1 1 </row>
        <row>1 1 1 1 1 1 1 1 1 </row>
        <row>1 1 1 1 1 1 1 1 1 </row>
        <row>1 1 1 1 1 1 1 1 1 </row>
        <row>1 1 1 1 1 1 1 1 1 </row>
        <row>1 1 1 1 1 1 1 1 1 </row>
        <row>1 1 1 1 1 1 1 1 1 </row>
        <row>1 1 1 1 1 1 1 1 1 </row>
        <object>
            <name>door</name>
            <pos>128 256</pos>
            <attributes>
                <portal>lot</portal>
                <where>96 164</where>
            </attributes>
        </object>
        <object>
            <name>stove</name>
            <pos>0 0</pos>
        </object>
        <object>
            <name>chair</name>
            <pos>32 96</pos>
            <attributes>
                <interact>16</interact>
            </attributes>
        </object>
        <object>
            <name>furnace</name>
            <pos>160 0</pos>
            <attributes>
                <interact>15</interact>
            </attributes>
        </object>
        <object>
            <name>table</name>
            <pos>96 0</pos>
        </object>
        <object>
            <name>table</name>
            <pos>32 0</pos>
        </object>
        <object>
            <name>table</name>
            <pos>0 128</pos>
        </object>
        <object>
            <name>cupboard</name>
            <pos>224 0</pos>
        </object>
        <object>
            <name>bed</name>
            <pos>256 128</pos>
            <attributes>
                <interact>12</interact>
            </attributes>
        </object>
        <npc>
            <name>cat</name>
            <pos>35 41</pos>
        </npc>
    </stage>
    <stage>
        <name>limbo</name>
        <size>18 18</size>
        <row>1 1 1 1 1 1 1 1 1 1 1 1 1 1 1 1 1 1 </row>
        <row>1 1 1 1 1 1 1 1 1 1 1 1 1 1 1 1 1 1 </row>
        <row>1 1 1 1 1 1 1 1 1 1 1 1 1 1 1 1 1 1 </row>
        <row>1 1 1 1 1 1 1 1 1 1 1 1 1 1 1 1 1 1 </row>
        <row>1 1 1 1 1 1 1 1 1 1 1 1 1 1 1 1 1 1 </row>
        <row>1 1 1 1 1 1 1 1 1 1 1 1 1 1 1 1 1 1 </row>
        <row>1 1 1 1 1 1 1 1 1 1 1 1 1 1 1 1 1 1 </row>
        <row>1 1 1 1 1 1 1 1 1 1 1 1 1 1 1 1 1 1 </row>
        <row>1 1 1 1 1 1 1 1 1 1 1 1 1 1 1 1 1 1 </row>
        <row>1 1 1 1 1 1 1 1 1 1 1 1 1 1 1 1 1 1 </row>
        <row>1 1 1 1 1 1 1 1 1 1 1 1 1 1 1 1 1 1 </row>
        <row>1 1 1 1 1 1 1 1 1 1 1 1 1 1 1 1 1 1 </row>
        <row>1 1 1 1 1 1 1 1 1 1 1 1 1 1 1 1 1 1 </row>
        <row>1 1 1 1 1 1 1 1 1 1 1 1 1 1 1 1 1 1 </row>
        <row>1 1 1 1 1 1 1 1 1 1 1 1 1 1 1 1 1 1 </row>
        <row>1 1 1 1 1 1 1 1 1 1 1 1 1 1 1 1 1 1 </row>
        <row>1 1 1 1 1 1 1 1 1 1 1 1 1 1 1 1 1 1 </row>
        <row>1 1 1 1 1 1 1 1 1 1 1 1 1 1 1 1 1 1 </row>
        <npc>
            <name>???</name>
            <pos>96 128</pos>
        </npc>
    </stage>
    <stage>
        <name>lot</name>
        <size>50 50</size>
        <row>0 0 0 0 0 0 0 0 0 0 0 0 0 0 0 0 0 0 0 0 0 0 0 0 0 0 0 0 0 0 0 0 0 0 0 0 0 0 0 0 0 0 0 0 0 0 0 0 0 0 </row>
        <row>0 0 0 0 0 0 0 0 0 0 0 0 0 0 0 0 0 0 0 0 0 0 0 0 0 0 0 0 0 0 0 0 0 0 0 0 0 0 0 0 0 0 0 0 0 0 0 0 0 0 </row>
        <row>0 0 0 0 0 0 0 0 0 0 0 0 0 0 0 0 0 0 0 0 0 0 0 0 0 0 0 0 0 0 0 0 0 0 0 0 0 0 0 0 0 0 0 0 0 0 0 0 0 0 </row>
        <row>0 0 0 0 0 0 0 0 0 0 0 0 0 0 0 0 0 0 0 0 0 0 0 0 0 0 0 0 0 0 0 0 0 0 0 0 0 0 0 0 0 0 0 0 0 0 0 0 0 0 </row>
        <row>0 0 0 0 0 0 0 0 0 0 0 0 0 0 0 0 0 0 0 0 0 0 0 0 0 0 0 0 0 0 0 0 0 0 0 0 0 0 0 0 0 0 0 0 0 0 0 0 0 0 </row>
        <row>0 0 0 0 0 0 0 0 0 0 0 0 0 0 0 0 0 0 0 0 0 0 0 0 0 0 0 0 0 0 0 0 0 0 0 0 0 0 0 0 0 0 0 0 0 0 0 0 0 0 </row>
        <row>0 0 0 0 0 0 0 0 0 0 0 0 0 0 0 0 0 0 0 0 0 0 0 0 0 0 0 0 0 0 0 0 0 0 0 0 0 0 0 0 0 0 0 0 0 0 0 0 0 0 </row>
        <row>0 0 0 0 0 0 0 0 0 0 0 0 0 0 0 0 0 0 0 0 0 0 0 0 0 0 0 0 0 0 0 0 0 0 0 0 0 0 0 0 0 0 0 0 0 0 0 0 0 0 </row>
        <row>0 0 0 0 0 0 0 0 0 0 0 0 0 0 0 0 0 0 0 0 0 0 0 0 0 0 0 0 0 0 0 0 0 0 0 0 0 0 0 0 0 0 0 0 0 0 0 0 0 0 </row>
        <row>0 0 2 0 0 0 0 0 0 0 0 0 0 0 0 0 0 0 0 0 0 0 0 0 0 0 0 0 0 0 0 0 0 0 0 0 0 0 0 0 0 0 0 0 0 0 0 0 0 0 </row>
        <row>0 0 0 0 0 0 0 0 0 0 0 0 0 0 0 0 0 0 0 0 0 0 0 0 0 0 0 0 0 0 0 0 0 0 0 0 0 0 0 0 0 0 0 0 0 0 0 0 0 0 </row>
        <row>0 0 0 0 0 0 0 0 0 0 0 0 0 0 0 0 0 0 0 0 0 0 0 0 0 0 0 0 0 0 0 0 0 0 0 0 0 0 0 0 0 0 0 0 0 0 0 0 0 0 </row>
        <row>0 2 2 2 2 2 0 0 0 0 0 0 0 0 0 0 0 0 0 0 0 0 0 0 0 0 0 0 0 0 0 0 0 0 0 0 0 0 0 0 0 0 0 0 0 0 0 0 0 0 </row>
        <row>0 0 0 0 0 0 0 0 0 0 0 0 0 0 0 0 0 0 0 0 0 0 0 0 0 0 0 0 0 0 0 0 0 0 0 0 0 0 0 0 0 0 0 0 0 0 0 0 0 0 </row>
        <row>0 0 0 0 0 0 0 0 0 0 0 0 0 0 0 4 5 5 6 0 0 0 0 0 0 0 0 0 0 0 0 0 0 0 0 0 0 0 0 0 0 0 0 0 0 0 0 0 0 0 </row>
        <row>0 0 2 2 2 0 0 0 0 0 0 0 0 0 0 7 8 8 9 0 0 0 0 0 0 0 0 0 0 0 0 0 0 0 0 0 0 0 0 0 0 0 0 0 0 0 0 0 0 0 </row>
        <row>0 0 2 2 2 0 0 0 0 0 0 0 0 0 0 10 11 11 12 0 0 0 0 0 0 0 0 0 0 0 0 0 0 0 0 0 0 0 0 0 0 0 0 0 0 0 0 0 0 0 </row>
        <row>0 0 2 2 2 0 0 0 0 0 0 0 0 0 0 0 0 0 0 0 0 0 0 0 0 0 0 0 0 0 0 0 0 0 0 0 0 0 0 0 0 0 0 0 0 0 0 0 0 0 </row>
        <row>0 0 0 0 0 0 0 0 0 0 0 0 0 0 0 0 0 0 0 0 0 0 0 0 0 0 0 0 0 0 0 0 0 0 0 0 0 0 0 0 0 0 0 0 0 0 0 0 0 0 </row>
        <row>0 0 0 0 0 0 0 0 0 0 0 0 0 0 0 0 0 0 0 0 0 0 0 0 0 0 0 0 0 0 0 0 0 0 0 0 0 0 0 0 0 0 0 0 0 0 0 0 0 0 </row>
        <row>0 0 4 5 6 0 0 0 0 0 0 0 0 0 0 0 0 0 0 0 0 0 0 0 0 0 0 0 0 0 0 0 0 0 0 0 0 0 0 0 0 0 0 0 0 0 0 0 0 0 </row>
        <row>0 0 7 8 9 0 0 0 0 0 0 0 0 0 0 0 0 0 0 0 0 0 0 0 0 0 0 0 0 0 0 0 0 0 0 0 0 0 0 0 0 0 0 0 0 0 0 0 0 0 </row>
        <row>0 0 10 11 12 0 0 0 0 0 0 0 0 0 0 0 0 0 0 0 0 0 0 0 0 0 0 0 0 0 0 0 0 0 0 0 0 0 0 0 0 0 0 0 0 0 0 0 0 0 </row>
        <row>0 0 0 0 0 0 0 0 0 0 0 0 0 0 0 0 0 0 0 0 0 0 0 0 0 0 0 0 0 0 0 0 0 0 0 0 0 0 0 0 0 0 0 0 0 0 0 0 0 0 </row>
        <row>0 0 0 0 0 0 0 0 0 0 0 0 0 0 0 0 0 0 0 0 0 0 0 0 0 0 0 0 0 0 0 0 0 0 0 0 0 0 0 0 0 0 0 0 0 0 0 0 0 0 </row>
        <row>0 0 0 0 0 0 0 0 0 0 0 0 0 0 0 0 0 0 0 0 0 0 0 0 0 0 0 0 0 0 0 0 0 0 0 0 0 0 0 0 0 0 0 0 0 0 0 0 0 0 </row>
        <row>0 0 0 0 0 0 0 0 0 0 0 0 0 0 0 0 0 0 0 0 0 0 0 0 0 0 0 0 0 0 0 0 0 0 0 0 0 0 0 0 0 0 0 0 0 0 0 0 0 0 </row>
        <row>0 0 0 0 0 0 0 0 0 0 0 0 0 0 0 0 0 0 0 0 0 0 0 0 0 0 0 0 0 0 0 0 0 0 0 0 0 0 0 0 0 0 0 0 0 0 0 0 0 0 </row>
        <row>0 0 0 0 0 0 0 0 0 0 0 0 0 0 0 0 0 0 0 0 0 0 0 0 0 0 0 0 0 0 0 0 0 0 0 0 0 0 0 0 0 0 0 0 0 0 0 0 0 0 </row>
        <row>0 0 0 0 0 0 0 0 0 0 0 0 0 0 0 0 0 0 0 0 0 0 0 0 0 0 0 0 0 0 0 0 0 0 0 0 0 0 0 0 0 0 0 0 0 0 0 0 0 0 </row>
        <row>0 0 0 0 0 0 0 0 0 0 0 0 0 0 0 0 0 0 0 0 0 0 0 0 0 0 0 0 0 0 0 0 0 0 0 0 0 0 0 0 0 0 0 0 0 0 0 0 0 0 </row>
        <row>0 0 0 0 0 0 0 0 0 0 0 0 0 0 0 0 0 0 0 0 0 0 0 0 0 0 0 0 0 0 0 0 0 0 0 0 0 0 0 0 0 0 0 0 0 0 0 0 0 0 </row>
        <row>0 0 0 0 0 0 0 0 0 0 0 0 0 0 0 0 0 0 0 0 0 0 0 0 0 0 0 0 0 0 0 0 0 0 0 0 0 0 0 0 0 0 0 0 0 0 0 0 0 0 </row>
        <row>0 0 0 0 0 0 0 0 0 0 0 0 0 0 0 0 0 0 0 0 0 0 0 0 0 0 0 0 0 0 0 0 0 0 0 0 0 0 0 0 0 0 0 0 0 0 0 0 0 0 </row>
        <row>0 0 0 0 0 0 0 0 0 0 0 0 0 0 0 0 0 0 0 0 0 0 0 0 0 0 0 0 0 0 0 0 0 0 0 0 0 0 0 0 0 0 0 0 0 0 0 0 0 0 </row>
        <row>0 0 0 0 0 0 0 0 0 0 0 0 0 0 0 0 0 0 0 0 0 0 0 0 0 0 0 0 0 0 0 0 0 0 0 0 0 0 0 0 0 0 0 0 0 0 0 0 0 0 </row>
        <row>0 0 0 0 0 0 0 0 0 0 0 0 0 0 0 0 0 0 0 0 0 0 0 0 0 0 0 0 0 0 0 0 0 0 0 0 0 0 0 0 0 0 0 0 0 0 0 0 0 0 </row>
        <row>0 0 0 0 0 0 0 0 0 0 0 0 0 0 0 0 0 0 0 0 0 0 0 0 0 0 0 0 0 0 0 0 0 0 0 0 0 0 0 0 0 0 0 0 0 0 0 0 0 0 </row>
        <row>0 0 0 0 0 0 0 0 0 0 0 0 0 0 0 0 0 0 0 0 0 0 0 0 0 0 0 0 0 0 0 0 0 0 0 0 0 0 0 0 0 0 0 0 0 0 0 0 0 0 </row>
        <row>0 0 0 0 0 0 0 0 0 0 0 0 0 0 0 0 0 0 0 0 0 0 0 0 0 0 0 0 0 0 0 0 0 0 0 0 0 0 0 0 0 0 0 0 0 0 0 0 0 0 </row>
        <row>0 0 0 0 0 0 0 0 0 0 0 0 0 0 0 0 0 0 0 0 0 0 0 0 0 0 0 0 0 0 0 0 0 0 0 0 0 0 0 0 0 0 0 0 0 0 0 0 0 0 </row>
        <row>0 0 0 0 0 0 0 0 0 0 0 0 0 0 0 0 0 0 0 0 0 0 0 0 0 0 0 0 0 0 0 0 0 0 0 0 0 0 0 0 0 0 0 0 0 0 0 0 0 0 </row>
        <row>0 0 0 0 0 0 0 0 0 0 0 0 0 0 0 0 0 0 0 0 0 0 0 0 0 0 0 0 0 0 0 0 0 0 0 0 0 0 0 0 0 0 0 0 0 0 0 0 0 0 </row>
        <row>0 0 0 0 0 0 0 0 0 0 0 0 0 0 0 0 0 0 0 0 0 0 0 0 0 0 0 0 0 0 0 0 0 0 0 0 0 0 0 0 0 0 0 0 0 0 0 0 0 0 </row>
        <row>0 0 0 0 0 0 0 0 0 0 0 0 0 0 0 0 0 0 0 0 0 0 0 0 0 0 0 0 0 0 0 0 0 0 0 0 0 0 0 0 0 0 0 0 0 0 0 0 0 0 </row>
        <row>0 0 0 0 0 0 0 0 0 0 0 0 0 0 0 0 0 0 0 0 0 0 0 0 0 0 0 0 0 0 0 0 0 0 0 0 0 0 0 0 0 0 0 0 0 0 0 0 0 0 </row>
        <row>0 0 0 0 0 0 0 0 0 0 0 0 0 0 0 0 0 0 0 0 0 0 0 0 0 0 0 0 0 0 0 0 0 0 0 0 0 0 0 0 0 0 0 0 0 0 0 0 0 0 </row>
        <row>0 0 0 0 0 0 0 0 0 0 0 0 0 0 0 0 0 0 0 0 0 0 0 0 0 0 0 0 0 0 0 0 0 0 0 0 0 0 0 0 0 0 0 0 0 0 0 0 0 0 </row>
        <row>0 0 0 0 0 0 0 0 0 0 0 0 0 0 0 0 0 0 0 0 0 0 0 0 0 0 0 0 0 0 0 0 0 0 0 0 0 0 0 0 0 0 0 0 0 0 0 0 0 0 </row>
        <row>0 0 0 0 0 0 0 0 0 0 0 0 0 0 0 0 0 0 0 0 0 0 0 0 0 0 0 0 0 0 0 0 0 0 0 0 0 0 0 0 0 0 0 0 0 0 0 0 0 0 </row>
        <object>
            <name>house</name>
            <pos>0 64</pos>
            <attributes>
                <portal>house</portal>
                <where>128 224</where>
            </attributes>
        </object>
        <object>
            <name>shop</name>
            <pos>224 64</pos>
            <attributes>
                <portal>shop</portal>
                <where>196 288</where>
            </attributes>
        </object>
        <object>
            <name>door</name>
            <pos>512 64</pos>
            <attributes>
                <portal>forest</portal>
                <where>128 256</where>
            </attributes>
        </object>
        <object>
            <name>door</name>
            <pos>548 64</pos>
            <attributes>
                <portal>desert</portal>
                <where>128 256</where>
            </attributes>
        </object>
        <object>
            <name>column</name>
            <pos>96 736</pos>
        </object>
        <object>
            <name>pine</name>
            <pos>288 1408</pos>
        </object>
        <object>
            <name>pine</name>
            <pos>832 928</pos>
            <attributes>
                <growth>0</growth>
            </attributes>
        </object>
        <object>
            <name>pine</name>
            <pos>1568 544</pos>
            <attributes>
                <growth>0</growth>
            </attributes>
        </object>
        <object>
            <name>pine</name>
            <pos>256 1088</pos>
            <attributes>
                <growth>0</growth>
            </attributes>
        </object>
        <object>
            <name>pine</name>
            <pos>1088 192</pos>
            <attributes>
                <growth>0</growth>
            </attributes>
        </object>
        <object>
            <name>tree</name>
            <pos>1568 32</pos>
        </object>
        <object>
            <name>tree</name>
            <pos>512 928</pos>
            <attributes>
                <growth>0</growth>
            </attributes>
        </object>
        <object>
            <name>tree</name>
            <pos>864 352</pos>
            <attributes>
                <growth>0</growth>
            </attributes>
        </object>
        <object>
            <name>lily</name>
            <pos>480 192</pos>
            <attributes>
                <cycle>0</cycle>
                <growth>0</growth>
            </attributes>
        </object>
        <object>
            <name>lily</name>
            <pos>768 512</pos>
            <attributes>
                <cycle>0</cycle>
                <growth>0</growth>
            </attributes>
        </object>
        <object>
            <name>lily</name>
            <pos>0 320</pos>
            <attributes>
                <cycle>0</cycle>
                <growth>0</growth>
            </attributes>
        </object>
        <object>
            <name>lily</name>
            <pos>576 64</pos>
            <attributes>
                <cycle>0</cycle>
                <growth>0</growth>
            </attributes>
        </object>
        <object>
            <name>lily</name>
            <pos>384 544</pos>
            <attributes>
                <cycle>0</cycle>
                <growth>0</growth>
            </attributes>
        </object>
        <object>
            <name>lily</name>
            <pos>448 224</pos>
            <attributes>
                <cycle>0</cycle>
                <growth>0</growth>
            </attributes>
        </object>
        <object>
            <name>lily</name>
            <pos>0 288</pos>
            <attributes>
                <cycle>0</cycle>
                <growth>0</growth>
            </attributes>
        </object>
        <object>
            <name>lily</name>
            <pos>736 448</pos>
            <attributes>
                <cycle>0</cycle>
                <growth>0</growth>
            </attributes>
        </object>
        <object>
            <name>lily</name>
            <pos>736 352</pos>
            <attributes>
                <cycle>0</cycle>
                <growth>0</growth>
            </attributes>
        </object>
        <object>
            <name>grass</name>
            <pos>512 96</pos>
            <attributes>
                <cycle>0</cycle>
                <growth>0</growth>
            </attributes>
        </object>
        <object>
            <name>grass</name>
            <pos>192 192</pos>
            <attributes>
                <cycle>0</cycle>
                <growth>0</growth>
            </attributes>
        </object>
        <object>
            <name>grass</name>
            <pos>32 192</pos>
            <attributes>
                <cycle>0</cycle>
                <growth>0</growth>
            </attributes>
        </object>
        <object>
            <name>grass</name>
            <pos>448 160</pos>
            <attributes>
                <cycle>0</cycle>
                <growth>0</growth>
            </attributes>
        </object>
        <object>
            <name>grass</name>
            <pos>480 160</pos>
            <attributes>
                <cycle>0</cycle>
                <growth>0</growth>
            </attributes>
        </object>
        <object>
            <name>grass</name>
            <pos>736 384</pos>
            <attributes>
                <cycle>0</cycle>
                <growth>0</growth>
            </attributes>
        </object>
        <object>
            <name>grass</name>
            <pos>736 224</pos>
            <attributes>
                <cycle>0</cycle>
                <growth>0</growth>
            </attributes>
        </object>
        <object>
            <name>grass</name>
            <pos>640 32</pos>
            <attributes>
                <cycle>0</cycle>
                <growth>0</growth>
            </attributes>
        </object>
        <object>
            <name>grass</name>
            <pos>416 64</pos>
            <attributes>
                <cycle>0</cycle>
                <growth>0</growth>
            </attributes>
        </object>
        <object>
            <name>stone</name>
            <pos>736 416</pos>
        </object>
        <object>
            <name>stone</name>
            <pos>352 480</pos>
        </object>
        <object>
            <name>stone</name>
            <pos>512 224</pos>
        </object>
        <object>
            <name>stone</name>
            <pos>96 32</pos>
        </object>
        <object>
            <name>stone</name>
            <pos>576 224</pos>
        </object>
        <object>
            <name>grass</name>
            <pos>672 320</pos>
            <attributes>
                <cycle>0</cycle>
                <growth>0</growth>
            </attributes>
        </object>
        <object>
            <name>grass</name>
            <pos>480 32</pos>
            <attributes>
                <cycle>0</cycle>
                <growth>0</growth>
            </attributes>
        </object>
        <object>
            <name>grass</name>
            <pos>1088 128</pos>
            <attributes>
                <cycle>0</cycle>
                <growth>0</growth>
            </attributes>
        </object>
        <object>
            <name>grass</name>
            <pos>800 352</pos>
            <attributes>
                <cycle>0</cycle>
                <growth>0</growth>
            </attributes>
        </object>
        <object>
            <name>grass</name>
            <pos>928 672</pos>
            <attributes>
                <cycle>0</cycle>
                <growth>0</growth>
            </attributes>
        </object>
        <object>
            <name>grass</name>
            <pos>1376 544</pos>
            <attributes>
                <growth>0</growth>
            </attributes>
        </object>
        <object>
            <name>grass</name>
            <pos>1408 32</pos>
        </object>
        <object>
            <name>grass</name>
            <pos>256 1344</pos>
        </object>
        <object>
            <name>grass</name>
            <pos>352 352</pos>
            <attributes>
                <cycle>0</cycle>
                <growth>0</growth>
            </attributes>
        </object>
        <object>
            <name>grass</name>
            <pos>480 576</pos>
            <attributes>
                <cycle>0</cycle>
                <growth>0</growth>
            </attributes>
        </object>
        <object>
            <name>grass</name>
            <pos>768 1536</pos>
        </object>
        <object>
            <name>grass</name>
            <pos>1184 544</pos>
            <attributes>
                <growth>0</growth>
            </attributes>
        </object>
        <object>
            <name>grass</name>
            <pos>128 768</pos>
            <attributes>
                <cycle>0</cycle>
                <growth>0</growth>
            </attributes>
        </object>
        <object>
            <name>grass</name>
            <pos>864 992</pos>
            <attributes>
                <cycle>0</cycle>
                <growth>0</growth>
            </attributes>
        </object>
        <object>
            <name>grass</name>
            <pos>448 1248</pos>
        </object>
        <object>
            <name>grass</name>
            <pos>512 576</pos>
            <attributes>
                <cycle>0</cycle>
                <growth>0</growth>
            </attributes>
        </object>
        <object>
            <name>grass</name>
            <pos>704 768</pos>
            <attributes>
                <cycle>0</cycle>
                <growth>0</growth>
            </attributes>
        </object>
        <object>
            <name>grass</name>
            <pos>1568 1056</pos>
        </object>
        <object>
            <name>grass</name>
            <pos>288 800</pos>
            <attributes>
                <cycle>0</cycle>
                <growth>0</growth>
            </attributes>
        </object>
        <object>
            <name>grass</name>
            <pos>768 1408</pos>
        </object>
        <object>
            <name>grass</name>
            <pos>736 512</pos>
            <attributes>
                <cycle>0</cycle>
                <growth>0</growth>
            </attributes>
        </object>
        <object>
            <name>grass</name>
            <pos>1568 992</pos>
        </object>
        <object>
            <name>grass</name>
            <pos>96 224</pos>
            <attributes>
                <cycle>0</cycle>
                <growth>0</growth>
            </attributes>
        </object>
        <object>
            <name>grass</name>
            <pos>928 704</pos>
            <attributes>
                <cycle>0</cycle>
                <growth>0</growth>
            </attributes>
        </object>
        <object>
            <name>grass</name>
            <pos>864 1440</pos>
        </object>
        <object>
            <name>grass</name>
            <pos>1472 1472</pos>
        </object>
        <object>
            <name>grass</name>
            <pos>672 32</pos>
            <attributes>
                <cycle>0</cycle>
                <growth>0</growth>
            </attributes>
        </object>
        <object>
            <name>grass</name>
            <pos>320 672</pos>
            <attributes>
                <cycle>0</cycle>
                <growth>0</growth>
            </attributes>
        </object>
        <object>
            <name>grass</name>
            <pos>864 864</pos>
            <attributes>
                <cycle>0</cycle>
                <growth>0</growth>
            </attributes>
        </object>
        <object>
            <name>grass</name>
            <pos>416 1248</pos>
        </object>
        <object>
            <name>grass</name>
            <pos>32 736</pos>
            <attributes>
                <cycle>0</cycle>
                <growth>0</growth>
            </attributes>
        </object>
        <object>
            <name>grass</name>
            <pos>544 1408</pos>
        </object>
        <object>
            <name>grass</name>
            <pos>256 320</pos>
            <attributes>
                <cycle>0</cycle>
                <growth>0</growth>
            </attributes>
        </object>
        <object>
            <name>poppy</name>
            <pos>960 768</pos>
            <attributes>
                <cycle>0</cycle>
                <growth>0</growth>
            </attributes>
        </object>
        <object>
            <name>poppy</name>
            <pos>1056 128</pos>
            <attributes>
                <cycle>0</cycle>
                <growth>0</growth>
            </attributes>
        </object>
        <object>
            <name>poppy</name>
            <pos>640 1280</pos>
        </object>
        <object>
            <name>tulip</name>
            <pos>288 1056</pos>
            <attributes>
                <growth>0</growth>
            </attributes>
        </object>
        <object>
            <name>poppy</name>
            <pos>224 1088</pos>
            <attributes>
                <growth>0</growth>
            </attributes>
        </object>
        <object>
            <name>poppy</name>
            <pos>992 704</pos>
            <attributes>
                <cycle>0</cycle>
                <growth>0</growth>
            </attributes>
        </object>
        <object>
            <name>tulip</name>
            <pos>800 800</pos>
            <attributes>
                <cycle>0</cycle>
                <growth>0</growth>
            </attributes>
        </object>
        <object>
            <name>poppy</name>
            <pos>512 1056</pos>
            <attributes>
                <growth>0</growth>
            </attributes>
        </object>
        <object>
            <name>poppy</name>
            <pos>384 736</pos>
            <attributes>
                <cycle>0</cycle>
                <growth>0</growth>
            </attributes>
        </object>
        <object>
            <name>rose</name>
            <pos>64 1216</pos>
        </object>
        <object>
            <name>poppy</name>
            <pos>224 672</pos>
            <attributes>
                <cycle>0</cycle>
                <growth>0</growth>
            </attributes>
        </object>
        <object>
            <name>amanita</name>
            <pos>128 992</pos>
            <attributes>
                <cycle>0</cycle>
                <growth>0</growth>
            </attributes>
        </object>
        <object>
            <name>rose</name>
            <pos>960 1344</pos>
        </object>
        <object>
            <name>amanita</name>
            <pos>928 1344</pos>
        </object>
        <object>
            <name>rose</name>
            <pos>448 64</pos>
            <attributes>
                <cycle>0</cycle>
                <growth>0</growth>
            </attributes>
        </object>
        <object>
            <name>rose</name>
            <pos>1184 384</pos>
            <attributes>
                <growth>0</growth>
            </attributes>
        </object>
        <object>
            <name>rose</name>
            <pos>544 896</pos>
            <attributes>
                <cycle>0</cycle>
                <growth>0</growth>
            </attributes>
        </object>
        <object>
            <name>rose</name>
            <pos>1568 704</pos>
            <attributes>
                <growth>0</growth>
            </attributes>
        </object>
        <object>
            <name>poppy</name>
            <pos>544 1184</pos>
        </object>
        <object>
            <name>amanita</name>
            <pos>896 224</pos>
            <attributes>
                <cycle>0</cycle>
                <growth>0</growth>
            </attributes>
        </object>
        <object>
            <name>amanita</name>
            <pos>64 0</pos>
            <attributes>
                <cycle>0</cycle>
                <growth>0</growth>
            </attributes>
        </object>
        <object>
            <name>amanita</name>
            <pos>0 192</pos>
            <attributes>
                <cycle>0</cycle>
                <growth>0</growth>
            </attributes>
        </object>
        <object>
            <name>rose</name>
            <pos>64 1376</pos>
        </object>
        <object>
            <name>tulip</name>
            <pos>128 896</pos>
            <attributes>
                <cycle>0</cycle>
                <growth>0</growth>
            </attributes>
        </object>
        <object>
            <name>poppy</name>
            <pos>960 512</pos>
            <attributes>
                <cycle>0</cycle>
                <growth>0</growth>
            </attributes>
        </object>
        <object>
            <name>rose</name>
            <pos>0 1152</pos>
        </object>
        <object>
            <name>poppy</name>
            <pos>544 608</pos>
            <attributes>
                <cycle>0</cycle>
                <growth>0</growth>
            </attributes>
        </object>
        <object>
            <name>poppy</name>
            <pos>1248 992</pos>
            <attributes>
                <growth>0</growth>
            </attributes>
        </object>
        <object>
            <name>rose</name>
            <pos>1376 928</pos>
            <attributes>
                <growth>0</growth>
            </attributes>
        </object>
        <object>
            <name>tulip</name>
            <pos>1056 768</pos>
            <attributes>
                <cycle>0</cycle>
                <growth>0</growth>
            </attributes>
        </object>
        <object>
            <name>tulip</name>
            <pos>128 800</pos>
            <attributes>
                <cycle>0</cycle>
                <growth>0</growth>
            </attributes>
        </object>
        <object>
            <name>poppy</name>
            <pos>608 256</pos>
            <attributes>
                <cycle>0</cycle>
                <growth>0</growth>
            </attributes>
        </object>
        <object>
            <name>tulip</name>
            <pos>1024 1504</pos>
        </object>
        <object>
            <name>tulip</name>
            <pos>1088 288</pos>
            <attributes>
                <cycle>0</cycle>
                <growth>0</growth>
            </attributes>
        </object>
        <object>
            <name>rose</name>
            <pos>0 1088</pos>
            <attributes>
                <growth>0</growth>
            </attributes>
        </object>
        <object>
            <name>tulip</name>
            <pos>1152 224</pos>
            <attributes>
                <growth>0</growth>
            </attributes>
        </object>
        <object>
            <name>rose</name>
            <pos>640 704</pos>
            <attributes>
                <cycle>0</cycle>
                <growth>0</growth>
            </attributes>
        </object>
        <object>
            <name>rose</name>
            <pos>928 928</pos>
            <attributes>
                <cycle>0</cycle>
                <growth>0</growth>
            </attributes>
        </object>
        <object>
            <name>tulip</name>
            <pos>1472 1440</pos>
        </object>
        <object>
            <name>rose</name>
            <pos>384 480</pos>
            <attributes>
                <cycle>0</cycle>
                <growth>0</growth>
            </attributes>
        </object>
        <object>
            <name>poppy</name>
            <pos>32 320</pos>
            <attributes>
                <cycle>0</cycle>
                <growth>0</growth>
            </attributes>
        </object>
        <object>
            <name>poppy</name>
            <pos>1280 32</pos>
        </object>
        <object>
            <name>tulip</name>
            <pos>1152 160</pos>
            <attributes>
                <growth>0</growth>
            </attributes>
        </object>
        <object>
            <name>rose</name>
            <pos>416 608</pos>
            <attributes>
                <cycle>0</cycle>
                <growth>0</growth>
            </attributes>
        </object>
        <object>
            <name>tulip</name>
            <pos>1024 288</pos>
            <attributes>
                <cycle>0</cycle>
                <growth>0</growth>
            </attributes>
        </object>
        <object>
            <name>lily_sprout</name>
            <pos>64 288</pos>
            <attributes>
                <cycle>4</cycle>
                <growth>3</growth>
                <needs_water>1</needs_water>
                <watered>0</watered>
                <ripe>lily</ripe>
            </attributes>
        </object>
        <object>
            <name>fence</name>
            <pos>64 448</pos>
        </object>
        <object>
            <name>fence</name>
            <pos>96 448</pos>
        </object>
        <object>
            <name>fence</name>
            <pos>128 448</pos>
        </object>
        <object>
            <name>fence</name>
            <pos>160 448</pos>
        </object>
        <object>
            <name>fence</name>
            <pos>32 448</pos>
        </object>
        <object>
            <name>fence</name>
            <pos>32 480</pos>
        </object>
        <object>
            <name>fence</name>
            <pos>32 512</pos>
        </object>
        <object>
            <name>fence</name>
            <pos>32 544</pos>
        </object>
        <object>
            <name>fence</name>
            <pos>32 576</pos>
        </object>
        <object>
            <name>fence</name>
            <pos>64 576</pos>
        </object>
        <object>
            <name>fence</name>
            <pos>96 576</pos>
        </object>
        <object>
            <name>fence</name>
            <pos>128 576</pos>
        </object>
        <object>
            <name>fence</name>
            <pos>160 576</pos>
        </object>
        <object>
            <name>fence</name>
            <pos>160 480</pos>
        </object>
        <object>
            <name>fence</name>
            <pos>160 544</pos>
        </object>
        <object>
            <name>lily_sprout</name>
            <pos>64 480</pos>
            <attributes>
                <cycle>4</cycle>
                <growth>1</growth>
                <needs_water>1</needs_water>
                <watered>0</watered>
                <ripe>lily</ripe>
            </attributes>
        </object>
        <object>
            <name>lily_sprout</name>
            <pos>96 480</pos>
            <attributes>
                <cycle>4</cycle>
                <growth>1</growth>
                <needs_water>1</needs_water>
                <watered>0</watered>
                <ripe>lily</ripe>
            </attributes>
        </object>
        <object>
            <name>lily_sprout</name>
            <pos>128 480</pos>
            <attributes>
                <cycle>4</cycle>
                <growth>1</growth>
                <needs_water>1</needs_water>
                <watered>0</watered>
                <ripe>lily</ripe>
            </attributes>
        </object>
        <object>
            <name>lily_sprout</name>
            <pos>128 512</pos>
            <attributes>
                <cycle>4</cycle>
                <growth>1</growth>
                <needs_water>1</needs_water>
                <watered>0</watered>
                <ripe>lily</ripe>
            </attributes>
        </object>
        <object>
            <name>lily_sprout</name>
            <pos>96 512</pos>
            <attributes>
                <cycle>4</cycle>
                <growth>1</growth>
                <needs_water>1</needs_water>
                <watered>0</watered>
                <ripe>lily</ripe>
            </attributes>
        </object>
        <object>
            <name>lily_sprout</name>
            <pos>64 512</pos>
            <attributes>
                <cycle>4</cycle>
                <growth>1</growth>
                <needs_water>1</needs_water>
                <watered>0</watered>
                <ripe>lily</ripe>
            </attributes>
        </object>
        <object>
            <name>lily_sprout</name>
            <pos>64 544</pos>
            <attributes>
                <cycle>4</cycle>
                <growth>1</growth>
                <needs_water>1</needs_water>
                <watered>0</watered>
                <ripe>lily</ripe>
            </attributes>
        </object>
        <object>
            <name>lily_sprout</name>
            <pos>96 544</pos>
            <attributes>
                <cycle>4</cycle>
                <growth>1</growth>
                <needs_water>1</needs_water>
                <watered>0</watered>
                <ripe>lily</ripe>
            </attributes>
        </object>
        <object>
            <name>lily_sprout</name>
            <pos>128 544</pos>
            <attributes>
                <cycle>4</cycle>
                <growth>1</growth>
                <needs_water>1</needs_water>
                <watered>0</watered>
                <ripe>lily</ripe>
            </attributes>
        </object>
        <object>
            <name>tree</name>
            <pos>256 384</pos>
            <attributes>
                <growth>0</growth>
            </attributes>
        </object>
        <object>
            <name>tree</name>
            <pos>608 544</pos>
            <attributes>
                <growth>0</growth>
            </attributes>
        </object>
        <object>
            <name>tree</name>
            <pos>768 736</pos>
            <attributes>
                <growth>0</growth>
            </attributes>
        </object>
        <object>
            <name>tree</name>
            <pos>480 704</pos>
            <attributes>
                <growth>0</growth>
            </attributes>
        </object>
        <object>
            <name>tree</name>
            <pos>480 352</pos>
            <attributes>
                <growth>0</growth>
            </attributes>
        </object>
        <object>
            <name>tree</name>
            <pos>256 640</pos>
            <attributes>
                <growth>0</growth>
            </attributes>
        </object>
        <object>
            <name>tree</name>
            <pos>576 160</pos>
            <attributes>
                <growth>0</growth>
            </attributes>
        </object>
        <object>
            <name>tree</name>
            <pos>288 256</pos>
            <attributes>
                <cycle>0</cycle>
                <growth>0</growth>
            </attributes>
        </object>
        <object>
            <name>tree</name>
            <pos>192 256</pos>
            <attributes>
                <growth>0</growth>
            </attributes>
        </object>
        <object>
            <name>carrot_crop</name>
            <pos>160 384</pos>
            <attributes>
                <cycle>3</cycle>
                <growth>1</growth>
                <needs_water>1</needs_water>
                <watered>0</watered>
                <ripe>carrot</ripe>
            </attributes>
        </object>
        <object>
            <name>carrot_crop</name>
            <pos>128 384</pos>
            <attributes>
                <cycle>3</cycle>
                <growth>1</growth>
                <needs_water>1</needs_water>
                <watered>0</watered>
                <ripe>carrot</ripe>
            </attributes>
        </object>
        <object>
            <name>carrot_crop</name>
            <pos>96 384</pos>
            <attributes>
                <cycle>3</cycle>
                <growth>1</growth>
                <needs_water>1</needs_water>
                <watered>0</watered>
                <ripe>carrot</ripe>
            </attributes>
        </object>
        <object>
            <name>carrot_crop</name>
            <pos>64 384</pos>
            <attributes>
                <cycle>3</cycle>
                <growth>1</growth>
                <needs_water>1</needs_water>
                <watered>0</watered>
                <ripe>carrot</ripe>
            </attributes>
        </object>
        <object>
            <name>carrot_crop</name>
            <pos>32 384</pos>
            <attributes>
                <cycle>3</cycle>
                <growth>1</growth>
                <needs_water>1</needs_water>
                <watered>0</watered>
                <ripe>carrot</ripe>
            </attributes>
        </object>
        <object>
            <name>pine</name>
            <pos>288 448</pos>
            <attributes>
                <growth>0</growth>
            </attributes>
        </object>
        <object>
            <name>pine</name>
            <pos>448 288</pos>
            <attributes>
                <growth>0</growth>
            </attributes>
        </object>
        <object>
            <name>pine</name>
            <pos>160 288</pos>
            <attributes>
                <growth>0</growth>
            </attributes>
        </object>
        <object>
            <name>pine</name>
            <pos>640 384</pos>
            <attributes>
                <growth>0</growth>
            </attributes>
        </object>
        <object>
            <name>flower</name>
            <pos>416 320</pos>
            <attributes>
                <growth>0</growth>
            </attributes>
        </object>
        <object>
            <name>grass</name>
            <pos>448 384</pos>
            <attributes>
                <growth>0</growth>
            </attributes>
        </object>
        <object>
            <name>grass</name>
            <pos>128 320</pos>
            <attributes>
                <growth>0</growth>
            </attributes>
        </object>
        <object>
            <name>grass</name>
            <pos>512 512</pos>
            <attributes>
                <growth>0</growth>
            </attributes>
        </object>
        <object>
            <name>rose</name>
            <pos>224 480</pos>
            <attributes>
                <growth>0</growth>
            </attributes>
        </object>
        <object>
            <name>rose</name>
            <pos>608 320</pos>
            <attributes>
                <growth>0</growth>
            </attributes>
        </object>
        <object>
            <name>house</name>
            <pos>960 384</pos>
            <attributes>
                <portal>house</portal>
                <where>128 224</where>
            </attributes>
        </object>
        <object>
            <name>fence</name>
            <pos>1152 448</pos>
        </object>
        <object>
            <name>fence</name>
            <pos>1184 448</pos>
        </object>
        <object>
            <name>fence</name>
            <pos>1216 448</pos>
        </object>
        <object>
            <name>fence</name>
            <pos>1216 416</pos>
        </object>
        <object>
            <name>fence</name>
            <pos>1216 384</pos>
        </object>
        <object>
            <name>fence</name>
            <pos>1216 352</pos>
        </object>
        <object>
            <name>fence</name>
            <pos>1184 352</pos>
        </object>
        <object>
            <name>fence</name>
            <pos>1152 352</pos>
        </object>
        <object>
            <name>flower</name>
            <pos>1152 384</pos>
            <attributes>
                <growth>0</growth>
            </attributes>
        </object>
        <object>
            <name>distiller</name>
            <pos>32 160</pos>
        </object>
        <npc>
            <name>spock</name>
            <pos>411.139 250.648</pos>
        </npc>
        <npc>
            <name>crypto</name>
            <pos>448 320</pos>
        </npc>
        <npc>
            <name>platypus</name>
            <pos>576 384</pos>
        </npc>
        <npc>
            <met/>
            <name>catman2</name>
            <pos>695.967 389.611</pos>
        </npc>
    </stage>
    <stage>
        <name>shop</name>
        <size>12 12</size>
        <indoors/>
        <row>1 1 1 1 1 1 1 1 1 1 1 1 </row>
        <row>1 1 1 1 1 1 1 1 1 1 1 1 </row>
        <row>1 1 1 1 1 1 1 1 1 1 1 1 </row>
        <row>1 1 1 1 1 1 1 1 1 1 1 1 </row>
        <row>1 1 1 1 1 1 1 1 1 1 1 1 </row>
        <row>1 1 1 1 1 1 1 1 1 1 1 1 </row>
        <row>1 1 1 1 1 1 1 1 1 1 1 1 </row>
        <row>1 1 1 1 1 1 1 1 1 1 1 1 </row>
        <row>1 1 1 1 1 1 1 1 1 1 1 1 </row>
        <row>1 1 1 1 1 1 1 1 1 1 1 1 </row>
        <row>1 1 1 1 1 1 1 1 1 1 1 1 </row>
        <row>1 1 1 1 1 1 1 1 1 1 1 1 </row>
        <object>
            <name>chair</name>
            <pos>256 32</pos>
            <attributes>
                <interact>16</interact>
            </attributes>
        </object>
        <object>
            <name>door</name>
            <pos>192 352</pos>
            <attributes>
                <portal>lot</portal>
                <where>288 164</where>
            </attributes>
        </object>
        <object>
            <name>chair</name>
            <pos>32 192</pos>
            <attributes>
                <interact>16</interact>
            </attributes>
        </object>
        <object>
            <name>chair</name>
            <pos>96 192</pos>
            <attributes>
                <interact>16</interact>
            </attributes>
        </object>
        <object>
            <name>chair</name>
            <pos>160 192</pos>
            <attributes>
                <interact>16</interact>
            </attributes>
        </object>
        <object>
            <name>chair</name>
            <pos>224 192</pos>
            <attributes>
                <interact>16</interact>
            </attributes>
        </object>
        <object>
            <name>table</name>
            <pos>192 160</pos>
        </object>
        <object>
            <name>table</name>
            <pos>128 160</pos>
        </object>
        <object>
            <name>table</name>
            <pos>64 160</pos>
        </object>
        <object>
            <name>table</name>
            <pos>0 160</pos>
        </object>
        <object>
            <name>cupboard</name>
            <pos>0 0</pos>
        </object>
        <object>
            <name>cupboard</name>
            <pos>64 0</pos>
        </object>
        <object>
            <name>cupboard</name>
            <pos>128 0</pos>
        </object>
        <npc>
            <met/>
            <name>shopkeeper</name>
            <pos>96 128</pos>
        </npc>
    </stage>
</root>
