<?xml version="1.0" encoding="UTF-8"?>
<root>
	<recipe>
		<item>fence</item>
		<count>2</count>
		<ingredient count="3">log</ingredient>
	</recipe>
	<recipe>
		<item>sign</item>
		<ingredient count="4">log</ingredient>
	</recipe>
	<recipe>
		<item>distiller</item>
		<ingredient count="30">copper</ingredient>
		<ingredient count="2">log</ingredient>
		<ingredient count="1">jar</ingredient>
		<level>2</level>
	</recipe>
	<recipe>
		<item>chair</item>
		<ingredient count="10">log</ingredient>
	</recipe>
	<recipe>
		<item>mushroom stew</item>
		<skill>cooking</skill>
		<ingredient count="3">mushroom</ingredient>
		<medium>stove</medium>	
	</recipe>
	<recipe>
		<item>fried fish</item>
		<skill>cooking</skill>
		<ingredient>platty</ingredient>
		<medium>stove</medium>	
	</recipe>
	<recipe>
		<item>apple-pie</item>
		<skill>cooking</skill>
		<level>1</level>
		<ingredient>flour</ingredient>
		<ingredient count="3">apple</ingredient>
		<ingredient>sugar</ingredient>
		<medium>stove</medium>
	</recipe>
	<recipe>
		<item>bread</item>
		<skill>cooking</skill>
		<level>1</level>
		<ingredient>flour</ingredient>
		<medium>stove</medium>
	</recipe>
	<recipe>
		<item>platty</item>
		<ingredient>axe</ingredient>
		<ingredient count="4">apple</ingredient>
		<ingredient>grass</ingredient>
	</recipe>
	<recipe>
		<item>cider</item>
		<ingredient count="3">apple</ingredient>
		<medium>distiller</medium>
	</recipe>
	<recipe>
		<item>juice</item>
		<skill>cooking</skill>
		<ingredient count="3">apple</ingredient>
		<medium>stove</medium>
	</recipe>
	<recipe>
		<item>pizza</item>
		<skill>cooking</skill>
		<ingredient>flour</ingredient>
		<ingredient>cheese</ingredient>
		<ingredient>tomato</ingredient>
		<medium>stove</medium>
	</recipe>
	<recipe>
		<item>apple jam</item>
		<skill>cooking</skill>
		<ingredient count="3">apple</ingredient>
		<ingredient >jar</ingredient>
		<medium>stove</medium>
	</recipe>
	<recipe>
		<item>moonshine</item>
		<ingredient count="3">potato</ingredient>
		<medium>distiller</medium>
	</recipe>
	<recipe>
		<item>wine</item>
		<ingredient count="3">grapes</ingredient>
		<medium>distiller</medium>
	</recipe>
	<recipe>
		<item>potato stew</item>
		<ingredient count="3">potato</ingredient>
		<medium>stove</medium>	
	</recipe>
	<recipe>
		<item>cheese</item>
		<ingredient>milk</ingredient>
		<medium>stove</medium>
	</recipe>
	<recipe>
		<item>butter</item>
		<ingredient>milk</ingredient>
		<medium>stove</medium>
	</recipe>
	<recipe>
		<item>toast</item>
		<ingredient>bread</ingredient>
		<ingredient>butter</ingredient>
		<medium>stove</medium>
	</recipe>
	<recipe>
		<item>pancake</item>
		<ingredient>egg</ingredient>
		<ingredient>butter</ingredient>
		<ingredient>milk</ingredient>
		<medium>stove</medium>
	</recipe>
	<recipe>
		<item>column</item>
		<ingredient count="10">stone</ingredient>
	</recipe>
</root>