<?xml version="1.0" encoding="UTF-8"?>	
<root>
	<item>
		<name>axe</name>
		<formal>Axe</formal>
		<category>tool</category>
		<desc>Use it to chop down trees or vandalise public property</desc>
		<type>woodcutting</type>
		<img>axe</img>
		<stack>1</stack>
		<strength>1</strength>
	</item>
	<item>
		<name>rare-axe</name>
		<formal>Hatchet</formal>
		<category>tool</category>
		<desc>Swings through wood like a knife through butter</desc>
		<type>woodcutting</type>
		<img>axe</img>
		<stack>1</stack>
		<strength>1</strength>
		<attributes>
			<rarity>rare</rarity>
		</attributes>
	</item>
	<item>	
		<name>apple</name>
		<formal>Apple</formal>
		<category>organic</category>
		<desc>A very common fruit. Doctors are terrified of it.</desc>
		<type>fruit</type>
		<price>100</price>
		<sell>50</sell>
		<img>apple</img>
		<stack>99</stack>
		<place>apple-tree</place>
		<attributes>
			<edible/>
			<fruit/>
		</attributes>
	</item>
	<item>	
		<name>cherry</name>
		<formal>Cherry</formal>
		<category>organic</category>
		<desc>A small red fruit with a hard pit. Grows on trees.</desc>
		<type>fruit</type>
		<price>250</price>
		<sell>200</sell>
		<img>Cherry</img>
		<stack>99</stack>
		<attributes>
			<edible/>
			<fruit/>
		</attributes>
	</item>
	<item>	
		<name>strawberry</name>
		<formal>Strawberry</formal>
		<category>organic</category>
		<desc>A sweet soft red fruit.</desc>
		<type>fruit</type>
		<price>250</price>
		<sell>200</sell>
		<img>strawberry</img>
		<stack>99</stack>
		<attributes>
			<edible/>
			<fruit/>
		</attributes>
	</item>
	<item>	
		<name>tomato</name>
		<formal>Tomato</formal>
		<category>organic</category>
		<desc>A fruit. Or is it a vegetable? Nevermind</desc>
		<type>fruit</type>
		<price>250</price>
		<sell>200</sell>
		<img>tomato</img>
		<stack>99</stack>
		<attributes>
			<edible/>
			<fruit/>
		</attributes>
	</item>
	<item>	
		<name>grapes</name>
		<formal>Grapes</formal>
		<category>organic</category>
		<desc>Eaten as a fruit or used in making wine</desc>
		<type>fruit</type>
		<price>250</price>
		<sell>200</sell>
		<img>grapes</img>
		<stack>99</stack>
		<attributes>
			<edible/>
			<fruit/>
		</attributes>
	</item>
	<item>	
		<name>melon</name>
		<formal>Melon</formal>
		<desc>Increases your max health by 1 points</desc>
		<category>organic</category>
		<type>fruit</type>
		<price>250</price>
		<sell>200</sell>
		<img>Melon</img>
		<stack>99</stack>
		<attributes>
			<edible/>
			<fruit/>
			<consume>stat health 1 3000</consume>
		</attributes>
	</item>
	<item>	
		<name>carrot</name>
		<formal>Carrot</formal>
		<category>organic</category>
		<desc>It is said that carrots help you whistle and make you see sharp</desc>
		<type>vegetable</type>
		<price>250</price>
		<sell>200</sell>
		<img>carrot</img>
		<stack>99</stack>
		<attributes>
			<edible/>
			<vegetable/>
		</attributes>
	</item>
	<item>
		<name>log</name>
		<formal>Wooden Log</formal>
		<desc>A material that has many uses</desc>
		<category>raw material</category>
		<type>wood</type>
		<img>log</img>
		<sell>5</sell>
		<stack>99</stack>
	</item>
	<item>
		<name>copper</name>
		<formal>Copper Ingot</formal>
		<desc>A material that has many uses</desc>
		<category>raw material</category>
		<type>ore</type>
		<img>copper</img>
		<sell>5</sell>
		<stack>99</stack>
	</item>
	<item>
		<name>swiss</name>
		<formal>Swiss Knife</formal>
		<category>tool</category>
		<desc>Military issue tool, used for countless things</desc>
		<type>omni</type>
		<price>10000</price>
		<sell>5000</sell>
		<img>swiss</img>
		<stack>1</stack>
		<strength>1</strength>
	</item>
	<item>
		<name>seed</name>
		<formal>Lily Seeds</formal>
		<category>organic</category>
		<desc>They grow into beautiful lilies</desc>
		<type>seed</type>
		<price>25</price>
		<sell>10</sell>
		<img>seed</img>
		<place>lily_sprout</place>
		<attributes>
			<needs_soil/>
		</attributes>
		<stack>99</stack>
	</item>
	<item>
		<name>platty</name>
		<formal>Platty</formal>
		<desc>A magical fish that can be found in ponds in spring</desc>
		<category>organic</category>
		<type>fish</type>
		<price>400</price>
		<sell>200</sell>
		<img>platty</img>
		<stack>99</stack>
	</item>
	<item>
		<name>goldfish</name>
		<formal>Goldfish</formal>
		<desc>A freshwater fish that according to fairy tales can grant wishes.</desc>
		<category>organic</category>
		<type>fish</type>
		<price>400</price>
		<sell>50</sell>
		<img>goldfish</img>
		<stack>99</stack>
	</item>
	<item>
		<name>flower</name>
		<formal>Daisy</formal>
		<category>organic</category>
		<desc>An aromatic plant that can be used to make tea.</desc>
		<type>flower</type>
		<price>50</price>
		<sell>40</sell>
		<img>flower</img>
		<stack>99</stack>
	</item>
	<item>
		<name>scythe</name>
		<formal>Scythe</formal>
		<category>tool</category>
		<desc>Tool for harvesting crops. Reminder: You reap what you sow</desc>
		<type>reaping</type>
		<img>scythe</img>
		<stack>1</stack>
		<strength>1</strength>
	</item>
	<item>
		<name>grass</name>
		<formal>Grass</formal>
		<category>organic</category>
		<desc>It's just grass. What else is there to say?</desc>
		<type>grass</type>
		<img>bush</img>
		<stack>99</stack>
	</item>
	<item>
		<name>staff</name>
		<formal>Magic Staff</formal>
		<category>tool</category>
		<desc>A staff overwhelmed by magical powers. Few can control it</desc>
		<type>omni</type>
		<price>15000</price>
		<sell>7000</sell>
		<img>staff</img>
		<stack>1</stack>
		<strength>1</strength>
		<range>7</range>
	</item>
	<item>
		<name>delete</name>
		<formal>Delete Rod</formal>
		<category>tool</category>
		<desc>Don't try it on yourself</desc>
		<type>omni</type>
		<price>15000</price>
		<sell>7000</sell>
		<img>staff-red</img>
		<stack>1</stack>
		<attributes>
			<strength>100</strength>
		</attributes>
		<range>16</range>
	</item>
	<item>
		<name>god</name>
		<formal>God Rod</formal>
		<category>debug</category>
		<type>omni</type>
		<desc>Who gave that to you?</desc>
		<price>15000</price>
		<sell>7000</sell>
		<img>staff</img>
		<stack>1</stack>
		<strength>100</strength>
		<range>12</range>
	</item>
	<item>
		<name>lily</name>
		<formal>Lily</formal>
		<category>organic</category>
		<desc>Symbolizes purity and refined beauty.</desc>
		<type>flower</type>
		<price>200</price>
		<sell>100</sell>
		<img>flower4</img>
		<stack>99</stack>
	</item>
	<item>
		<name>acorn</name>
		<formal>Acorn</formal>
		<desc>The fruit of an oak tree. When planted, it grows into an oak tree</desc>
		<category>organic</category>
		<type>fruit</type>
		<price>25</price>
		<sell>10</sell>
		<img>acorn</img>
		<place>acorn</place>
		<stack>99</stack>
	</item>
	<item>
		<name>pine-cone</name>
		<formal>Pine Cone</formal>
		<desc>The woody fruit of a pine tree. There are lots of small seeds inside</desc>
		<category>organic</category>
		<type>fruit</type>
		<price>25</price>
		<sell>10</sell>
		<img>pine-cone</img>
		<place>pine</place>
		<stack>99</stack>
	</item>
	<item>
		<name>apple-pie</name>
		<formal>Apple Pie</formal>
		<desc>A delicious pie, baked with love.</desc>
		<category>organic</category>
		<type>sweets</type>
		<sell>1000</sell>
		<img>pie</img>
		<stack>1</stack>
		<attributes>
			<edible/>
		</attributes>
	</item>
	<item>
		<name>fried fish</name>
		<formal>Fried Platty</formal>
		<desc>A healthy freshly fried platty, with protein and fishbones</desc>
		<category>organic</category>
		<type>dish</type>
		<sell>1000</sell>
		<img>fried fish</img>
		<stack>1</stack>
		<attributes>
			<edible/>
		</attributes>
	</item>
	<item>
		<name>pizza</name>
		<formal>Pizza</formal>
		<desc>A tasty dish of mediterranean origin made of a round dough, tomatoes, cheese and meat</desc>
		<category>food</category>
		<type>dish</type>
		<sell>1000</sell>
		<img>pizza</img>
		<stack>1</stack>
		<attributes>
			<edible/>
		</attributes>
	</item>
	<item>
		<name>flour</name>
		<formal>Flour</formal>
		<desc>An ingredient made from grain.</desc>
		<category>organic</category>
		<type>ingredient</type>
		<price>100</price>
		<img>flour</img>
		<stack>99</stack>
	</item>
	<item>
		<name>jar</name>
		<formal>Empty Jar</formal>
		<desc>A container made of glass used for preserving products</desc>
		<category>item</category>
		<type>container</type>
		<img>jar</img>
		<price>150</price>
		<stack>99</stack>
	</item>
	<item>
		<name>apple jam</name>
		<formal>Apple Jam</formal>
		<desc>A fruity preserve that usually goes on toast or in sandwiches</desc>
		<category>organic</category>
		<type>preserve</type>
		<img>applejam</img>
		<stack>99</stack>
		<attributes>
			<edible/>
		</attributes>
	</item>
	<item>
		<name>cider</name>
		<formal>Cider</formal>
		<category>organic</category>
		<desc>Bittersweet apple juice fermented and then drunk, particularly in the summertime.</desc>
		<type>drink</type>
		<img>cider</img>
		<sell>1000</sell>
		<stack>99</stack>
		<attributes>
			<drinkable/>
		</attributes>
	</item>
	<item>
		<name>white-wine</name>
		<formal>White Wine</formal>
		<category>organic</category>
		<desc>Good for your health, but only in moderation</desc>
		<type>drink</type>
		<img>white-wine</img>
		<sell>1000</sell>
		<stack>99</stack>
		<attributes>
			<drinkable/>
			<consume>script stat speed -1 3600 script stat defense -1 3600</consume>
		</attributes>
	</item>
	<item>
		<name>wine</name>
		<formal>Red Wine</formal>
		<category>organic</category>
		<desc>Good for your health, but only in moderation</desc>
		<type>drink</type>
		<img>Wine</img>
		<sell>1000</sell>
		<stack>99</stack>
		<attributes>
			<drinkable/>
			<consume>script stat speed -1 3600 script stat defense -1 3600</consume>
		</attributes>
	</item>
	<item>
		<name>potion</name>
		<formal>Red Potion</formal>
		<desc>The combined healing effects of many herbs contained in a single slightly bitter drink</desc>
		<category>potion</category>
		<type>healing</type>
		<img>potion</img>
		<stack>99</stack>
		<attributes>
			<drinkable/>
		</attributes>
	</item>
	<item>
		<name>juice</name>
		<formal>Apple Juice</formal>
		<category>organic</category>
		<desc>A refreshing beverage, made with apples</desc>
		<type>drink</type>
		<img>juice</img>
		<sell>500</sell>
		<stack>99</stack>
		<attributes>
			<drinkable/>
		</attributes>
	</item>
	<item>
		<name>honey</name>
		<formal>Honey</formal>
		<category>organic</category>
		<desc>A sweet fluid made by bees from nectar collected from flowers</desc>
		<type>produce</type>
		<img>honey</img>
		<sell>500</sell>
		<stack>99</stack>
		<attributes>
			<edible/>
		</attributes>
	</item>
	<item>
		<name>coffee</name>
		<formal>Coffee</formal>
		<category>organic</category>
		<desc>A drink to keep you going through the day</desc>
		<type>drink</type>
		<img>coffee</img>
		<price>100</price>
		<sell>50</sell>
		<stack>99</stack>
		<attributes>
			<drinkable/>
		</attributes>
	</item>
	<item>
		<name>tea</name>
		<formal>Tea</formal>
		<category>organic</category>
		<desc>A hot drink made from boiling water and crushed leaves</desc>
		<type>drink</type>
		<img>tea</img>
		<price>100</price>
		<sell>50</sell>
		<stack>99</stack>
		<attributes>
			<drinkable/>
		</attributes>
	</item>
	<item>	
		<name>potato</name>
		<formal>Potato</formal>
		<category>organic</category>
		<desc>A root vegetable. Can be boiled, mashed, and stuck in a stew</desc>
		<type>vegetable</type>
		<price>250</price>
		<sell>200</sell>
		<img>potato</img>
		<stack>99</stack>
		<place>tree</place>
	</item>
	<item>
		<name>moonshine</name>
		<formal>Moonshine</formal>
		<category>organic</category>
		<desc>A strong homemade drink made out of potatoes</desc>
		<type>drink</type>
		<img>moonshine</img>
		<stack>99</stack>
		<attributes>
			<drinkable/>
		</attributes>
	</item>
	<item>
		<name>vodka</name>
		<formal>Vodka</formal>
		<category>organic</category>
		<desc>A drink which makes you strong and clever.</desc>
		<type>drink</type>
		<img>vodka</img>
		<stack>99</stack>
		<attributes>
			<drinkable/>
			<flavor>"This vodka tastes piquant, ambrosial, nactareous and divine. I will now go lift some weights."</flavor>
		</attributes>
	</item>
	<item>
		<name>beer</name>
		<formal>Beer</formal>
		<category>organic</category>
		<desc>It's liquid bread. Too much may reduce productivity though.</desc>
		<type>drink</type>
		<img>Beer</img>
		<stack>99</stack>
		<attributes>
			<drinkable/>
		</attributes>
	</item>
	<item>
		<name>bread</name>
		<formal>Bread</formal>
		<category>organic</category>
		<desc>A baked food made from a dough of flour mixed with water.</desc>
		<type>food</type>
		<img>bread</img>
		<stack>99</stack>
		<sell>100</sell>
		<attributes>
			<edible/>
		</attributes>
	</item>
	<item>
		<name>chair</name>
		<formal>Chair</formal>
		<desc>A nice chair, made from wood</desc>
		<category>structure</category>
		<type>furniture</type>
		<img>chair</img>
		<place>chair</place>
		<stack>1</stack>
	</item>
	<item>
		<name>sign</name>
		<formal>Sign</formal>
		<desc>A wooden sign</desc>
		<category>structure</category>
		<type>misc</type>
		<img>sign</img>
		<place>sign</place>
		<stack>1</stack>
	</item>
	<item>
		<name>distiller</name>
		<formal>Distillery</formal>
		<desc>Equipment used for the production of drinks made from fruit</desc>
		<category>structure</category>
		<type>crafting</type>
		<img>distiller</img>
		<place>distiller</place>
		<stack>1</stack>
	</item>
	<item>
		<name>poppy</name>
		<formal>Poppy</formal>
		<category>organic</category>
		<desc>A pretty flower. It is also the source of opium</desc>
		<type>flower</type>
		<price>200</price>
		<sell>100</sell>
		<img>flower2</img>
		<stack>99</stack>
	</item>
	<item>
		<name>amanita</name>
		<formal>Fly Amanita</formal>
		<desc>A poisonous mushroom. I dare you to try eat one.</desc>
		<category>organic</category>
		<type>fungi</type>
		<price>200</price>
		<sell>100</sell>
		<img>amanita</img>
		<stack>99</stack>
	</item>
	<item>
		<name>magic-mushroom</name>
		<formal>Magic Mushrooms</formal>
		<desc>Mushrooms with magical properties</desc>
		<category>organic</category>
		<type>fungi</type>
		<price>200</price>
		<sell>100</sell>
		<img>magic-mushroom</img>
		<attributes>
			<consume>stat speed 1 3600</consume>
		</attributes>
		<stack>99</stack>
	</item>
	<item>
		<name>tulip</name>
		<formal>Tulip</formal>
		<category>organic</category>
		<desc>A spring plant with cup-shaped flowers</desc>
		<type>flower</type>
		<price>200</price>
		<sell>100</sell>
		<img>tulip</img>
		<stack>99</stack>
	</item>
	<item>
		<name>rose</name>
		<formal>Rose</formal>
		<category>organic</category>
		<desc>The most romantic of all flowers</desc>
		<type>flower</type>
		<price>200</price>
		<sell>100</sell>
		<img>rose</img>
		<stack>99</stack>
	</item>
	<item>
		<name>poppy_seed</name>
		<formal>Poppy Seeds</formal>
		<category>organic</category>
		<desc>Plant it to grow poppies. I hope you're not using them for bad intentions though.</desc>
		<type>seed</type>
		<price>25</price>
		<sell>10</sell>
		<img>seed</img>
		<place>poppy_sprout</place>
		<attributes>
			<needs_soil/>
		</attributes>
		<stack>99</stack>
	</item>
	<item>
		<name>carrot_seed</name>
		<formal>Carrot Seeds</formal>
		<category>organic</category>
		<desc>Grows carrots</desc>
		<type>seed</type>
		<price>25</price>
		<sell>10</sell>
		<img>seed</img>
		<place>carrot_crop</place>
		<attributes>
			<needs_soil/>
		</attributes>
		<stack>99</stack>
	</item>
	<item>
		<name>stone</name>
		<formal>Stone</formal>
		<desc>A material that has many uses. Be careful when throwing them.</desc>
		<category>raw material</category>
		<type>stone</type>
		<img>stone</img>
		<sell>5</sell>
		<stack>99</stack>
	</item>
	<item>
		<name>pickaxe</name>
		<formal>Pickaxe</formal>
		<desc>A tool used for the mining resources</desc>
		<category>tool</category>
		<type>mining</type>
		<img>pickaxe</img>
		<stack>1</stack>
		<strength>1</strength>
	</item>
	<item>
		<name>hoe</name>
		<formal>Hoe</formal>
		<desc>A tool used for tilling soil</desc>
		<category>tool</category>
		<type>tilling</type>
		<img>hoe</img>
		<stack>1</stack>
		<strength>1</strength>
	</item>
	<item>
		<name>terra</name>
		<formal>Terra Hoe</formal>
		<desc>A tool used for tilling soil</desc>
		<category>tool</category>
		<type>tilling</type>
		<img>hoe</img>
		<stack>1</stack>
		<strength>1</strength>
	</item>
	<item>
		<name>potato stew</name>
		<formal>Potato Stew</formal>
		<desc>Stew made from potatoes. Delicious!</desc>
		<category>organic</category>
		<type>stew</type>
		<img>applejam</img>
		<stack>99</stack>
	</item>
	<item>
		<name>can</name>
		<formal>Watering Can</formal>
		<desc>A tool used to water crops. Don't forget to water your plants every day.</desc>
		<category>tool</category>
		<type>watering</type>
		<img>can</img>
		<stack>1</stack>
		<strength>1</strength>
	</item>
	<item>
		<name>fence</name>
		<formal>Fence</formal>
		<desc>A structure used to separate various spaces</desc>
		<category>structure</category>
		<type>fencing</type>
		<img>fence</img>
		<place>fence</place>
		<stack>99</stack>
	</item>
	<item>
		<name>table</name>
		<formal>Table</formal>
		<desc>You can place stuff on it. Or not. Whatever you wish.</desc>
		<category>structure</category>
		<type>furniture</type>
		<img>table</img>
		<place>table</place>
		<stack>99</stack>
	</item>
	<item>
		<name>cupboard</name>
		<formal>Cupboard</formal>
		<desc>A structure used to store items</desc>
		<category>structure</category>
		<type>furniture</type>
		<img>cupboard</img>
		<place>cupboard</place>
		<stack>99</stack>
	</item>
	<item>
		<name>skillbook</name>
		<formal>Charisma I</formal>
		<desc>A book describing methods of socialising</desc>
		<category>misc</category>
		<type>book</type>
		<img>book</img>
		<stack>1</stack>
		<attributes>
			<consume>script skill charisma script skill crafting script spawn ramcat</consume>
		</attributes>
	</item>
	<item>
		<name>spawn-dog</name>
		<formal>Spawn Dog</formal>
		<desc>Place to spawn a dog</desc>
		<category>misc</category>
		<type>debug</type>
		<img>Cheese</img>
		<stack>99</stack>
		<attributes>
			<consume>spawn dog</consume>
		</attributes>
	</item>
	<item>
		<name>cheese</name>
		<formal>Cheese</formal>
		<img>cheese</img>
		<desc>A food made from pressing milk</desc>
		<category>food</category>
		<type>dairy</type>
		<stack>1</stack>
		<attributes>
		</attributes>
	</item>
	<item>
		<name>butter</name>
		<formal>Butter</formal>
		<img>butter</img>
		<desc>An edible fatty substance made from milk</desc>
		<category>food</category>
		<type>dairy</type>
		<stack>1</stack>
		<attributes>
		</attributes>
	</item>
	<item>
		<name>toast</name>
		<formal>Toast</formal>
		<img>toast</img>
		<desc>A popular and simple breakfast.</desc>
		<category>food</category>
		<type>dish</type>
		<stack>1</stack>
		<attributes>
		</attributes>
	</item>
	<item>
		<name>pancake</name>
		<formal>Pancake</formal>
		<img>pancake</img>
		<desc>A thin flat dough fried in a pan. Eaten as breakfast or dessert, goes well with syrup.</desc>
		<category>food</category>
		<type>dish</type>
		<stack>1</stack>
		<attributes>
		</attributes>
	</item>
	<item>
		<name>milk</name>
		<formal>Milk</formal>
		<img>milk</img>
		<desc>White liquid produced by cows, rich in calcium</desc>
		<category>food</category>
		<type>drink</type>
		<stack>1</stack>
		<attributes>
		</attributes>
	</item>
	<item>
		<name>egg</name>
		<formal>Egg</formal>
		<img>egg</img>
		<desc>An oval object laid by a chicken.</desc>
		<category>food</category>
		<type>produce</type>
		<stack>1</stack>
		<attributes>
		</attributes>
	</item>
	<item>
		<name>bacon</name>
		<formal>Bacon</formal>
		<img>bacon</img>
		<desc>Delicious strips of juicy, pork heaven. Served often at breakfast with eggs, but perfectly good served alone and at any time of day.</desc>
		<category>food</category>
		<type>meat</type>
		<stack>1</stack>
		<attributes>
		</attributes>
	</item>
	<item>
		<name>torch</name>
		<formal>Torch</formal>
		<desc>Use it to control one of nature's powerful elements</desc>
		<category>tool</category>
		<type>fire</type>
		<img>torch</img>
		<stack>1</stack>
	</item>
	<item>
		<name>bag</name>
		<formal>Fertilizer</formal>
		<desc>Makes plants grow faster.</desc>
		<category>misc</category>
		<type>fertilizer</type>
		<img>bag</img>
		<stack>1</stack>
	</item>
	<item>
		<name>sword</name>
		<formal>Small Sword</formal>
		<desc>A small sword but it hits hard</desc>
		<category>weapon</category>
		<type>melee</type>
		<img>sword</img>
		<price>200</price>
		<attributes>
			<damage-min>1</damage-min>
			<damage-max>4</damage-max>
			<range>1</range>
			<attack-speed>25</attack-speed>
		</attributes>
		<stack>1</stack>
	</item>
	<item>
		<name>longsword</name>
		<formal>Longsword</formal>
		<desc>Now you're playing with power</desc>
		<category>weapon</category>
		<type>melee</type>
		<img>longsword</img>
		<attributes>
			<damage-min>4</damage-min>
			<damage-max>6</damage-max>
			<range>1</range>
			<attack-speed>14</attack-speed>
		</attributes>
		<stack>1</stack>
	</item>
	<item>
		<name>scimitar</name>
		<formal>Scimitar</formal>
		<desc>A curved blade to slash your enemies with.</desc>
		<category>weapon</category>
		<type>melee</type>
		<img>scimitar</img>
		<attributes>
			<damage-min>4</damage-min>
			<damage-max>6</damage-max>
			<range>1</range>
			<attack-speed>14</attack-speed>
		</attributes>
		<stack>1</stack>
	</item>
	<item>
		<name>battleaxe</name>
		<formal>Battleaxe</formal>
		<desc>A dwarf's best friend. Slow, but hits hard</desc>
		<category>weapon</category>
		<type>melee</type>
		<img>battleaxe</img>
		<attributes>
			<damage-min>6</damage-min>
			<damage-max>9</damage-max>
			<range>1</range>
			<attack-speed>11</attack-speed>
		</attributes>
		<stack>1</stack>
	</item>
	<item>
		<name>mace</name>
		<formal>Mace</formal>
		<desc>Designed by the warlords of Canine Plains. It strikes fear into enemies hearts.</desc>
		<category>weapon</category>
		<type>melee</type>
		<img>mace</img>
		<attributes>
			<damage-min>6</damage-min>
			<damage-max>9</damage-max>
			<range>1</range>
			<attack-speed>11</attack-speed>
		</attributes>
		<stack>1</stack>
	</item>
	<item>
		<name>spear</name>
		<formal>Spear</formal>
		<desc>Used by the cat people in the desert. Can also be thrown</desc>
		<category>weapon</category>
		<type>melee</type>
		<img>spear</img>
		<attributes>
			<damage-min>1</damage-min>
			<damage-max>9</damage-max>
			<range>1</range>
			<attack-speed>44</attack-speed>
		</attributes>
		<stack>1</stack>
	</item>
	<item>
		<name>bow</name>
		<formal>Shortbow</formal>
		<desc>Brave fighters battle in the front. Smart ones keep a healthy distance.</desc>
		<category>weapon</category>
		<type>ranged</type>
		<img>bow</img>
		<attributes>
			<damage-min>6</damage-min>
			<damage-max>9</damage-max>
			<range>1</range>
			<attack-speed>13</attack-speed>
		</attributes>
		<stack>1</stack>
	</item>
	<item>
		<name>bone</name>
		<formal>Bone</formal>
		<desc>The earthly remains of a creature.</desc>
		<category>misc</category>
		<type>remains</type>
		<img>bone</img>
		<stack>99</stack>
	</item>
	<item>
		<name>key</name>
		<formal>Key</formal>
		<desc>Where there's a key, there is a lock somewhere.</desc>
		<category>misc</category>
		<type>quest</type>
		<img>key</img>
		<price>100</price>
		<stack>99</stack>
	</item>
	<item>
		<name>web</name>
		<formal>Cobweb</formal>
		<desc>asd.</desc>
		<category>misc</category>
		<type>misc</type>
		<img>web</img>
		<stack>99</stack>
	</item>
</root>