<?xml version="1.0" encoding="UTF-8"?>
<root>
	<npc id="1">
		<name>spock</name>
		<fullname>Spock</fullname>
		<portrait>portrait</portrait>
		<img>ghost</img>
		<onmeet>4</onmeet>
		<ongreet>17</ongreet>
		<behaviour>roam</behaviour>
		<attributes>
			<creature/>
			<sentient/>
			<race>ghost</race>
			
		</attributes>
	</npc>
	<npc id="2">
		<name>crypto</name>
		<fullname>Crypto</fullname>
		<portrait>mushroom</portrait>
		<img>mushroom</img>
		<onmeet>6</onmeet>
		<ongreet>6</ongreet>
		<attributes>
			<creature/>
			<sentient/>
			<race>mushroom</race>
		</attributes>
	</npc>
	<npc id="3">
		<name>frosty</name>
		<fullname>Frosty</fullname>
		<portrait>frostyface</portrait>
		<img>frosty</img>
		<onmeet>0</onmeet>
		<ongreet>0</ongreet>
		<attributes>
			<creature/>
			<sentient/>
			<race>snowman</race>
		</attributes>
	</npc>
	<npc id="4">
		<name>platypus</name>
		<fullname>Percival</fullname>
		<portrait>platypus</portrait>
		<img>platypus</img>
		<onmeet>7</onmeet>
		<ongreet>10</ongreet>
		<attributes>
			<creature/>
			<sentient/>
			<race>platypus</race>
		</attributes>
	</npc>
	<npc id="5">
		<name>shopkeeper</name>
		<fullname>Charlie</fullname>
		<portrait>platypus</portrait>
		<img>shopkeeper</img>
		<onmeet>9</onmeet>
		<ongreet>8</ongreet>
		<attributes>
			<creature/>
			<sentient/>
			<race>platypus</race>
		</attributes>
	</npc>
	<npc id="5">
		<name>???</name>
		<fullname>???</fullname>
		<portrait>mushroom</portrait>
		<img>mushroom</img>
		<onmeet>11</onmeet>
		<ongreet>11</ongreet>
		<attributes>
			<creature/>
			<sentient/>
			<race>?</race>
		</attributes>
	</npc>
	<npc>
		<name>cat</name>
		<fullname>Meowie</fullname>
		<portrait>cat</portrait>
		<img>cat_standing</img>
		<onmeet>13</onmeet>
		<ongreet>13</ongreet>
		<behaviour>lazy</behaviour>
		<animations>
			<sleep>cat</sleep>
		</animations>
		<attributes>
			<creature/>
			<race>feline</race>
			<sound>meow</sound>
		</attributes>
	</npc>
	<npc>
		<name>ramcat</name>
		<fullname>Ramcat</fullname>
		<portrait>ramcat</portrait>
		<img>ramcat</img>
		<onmeet>21</onmeet>
		<ongreet>21</ongreet>
		<behaviour>roam</behaviour>
		<animations>
			<sleep>ramcat</sleep>
		</animations>
		<attributes>
			<creature/>
			<race>feline</race>
		</attributes>
	</npc>
	<npc>
		<name>dog</name>
		<fullname>Doggo</fullname>
		<portrait>dog</portrait>
		<img>dog</img>
		<onmeet>14</onmeet>
		<ongreet>14</ongreet>
		<behaviour>roam</behaviour>
		<attributes>
			<creature/>
			<race>canine</race>
			<health>2</health>
			<drops>melon cherry bone</drops>
		</attributes>
	</npc>
	<npc>
		<name>boss-dog</name>
		<fullname>Shiba Rex</fullname>
		<portrait>dog-king</portrait>
		<img>dog-king</img>
		<onmeet>14</onmeet>
		<ongreet>14</ongreet>
		<behaviour>roam</behaviour>
		<attributes>
			<creature/>
			<race>canine</race>
			<health>15</health>
			<drops>skillbook longsword</drops>
		</attributes>
	</npc>
	<npc>
		<name>catman</name>
		<fullname>Bob</fullname>
		<portrait>catman</portrait>
		<img>catman</img>
		<alt>0.5</alt>
		<onmeet>23</onmeet>
		<ongreet>26</ongreet>
		<behaviour>roam</behaviour>
		<attributes>
			<creature/>
			<sentient/>
			<race>feline</race>
		</attributes>
	</npc>
	<npc>
		<name>catman2</name>
		<fullname>Ross</fullname>
		<portrait>catman-pink</portrait>
		<img>catman-pink</img>
		<alt>0.5</alt>
		<onmeet>27</onmeet>
		<ongreet>27</ongreet>
		<behaviour>roam</behaviour>
		<attributes>
			<creature/>
			<sentient/>
			<race>feline</race>
			<behaviour-talk>random</behaviour-talk>
			<lines>27 28 29 30 31 33 34 39 40 41</lines>
		</attributes>
	</npc>
</root>