<?xml version="1.0" encoding="UTF-8"?>
<root>
	<object>
		<name>tree-stump</name>
		<img>stump</img>
		<category>plant</category>
		<type>dead</type>
		<width>1</width>
		<height>1</height>
		<rigid></rigid>
		<destroy>woodcutting</destroy>
		<hits>4</hits>
		<drops>
			<drop>
				<item>log</item>
				<min>2</min>
				<max>3</max>
			</drop>
		</drops>
	</object>
	<object>
		<name>tree</name>
		<category>plant</category>
		<width>1</width>
		<height>1</height>
		<alt>3</alt>
		<offset>1</offset>
		<rigid></rigid>
		<type>tree</type>
		<img>tree_big</img>
		<alt_img>tree_big_damaged</alt_img>
		<destroy>woodcutting</destroy>
		<hits>7</hits>
		<drops>
			<drop>
				<item>log</item>
				<min>3</min>
				<max>5</max>
			</drop>
			<drop>
				<item>acorn</item>
				<min>0</min>
				<max>3</max>
			</drop>
		</drops>
		<leftover>tree-stump</leftover>
	</object><object>
		<name>apple-tree</name>
		<category>plant</category>
		<width>1</width>
		<height>1</height>
		<alt>3</alt>
		<offset>1</offset>
		<rigid></rigid>
		<type>tree</type>
		<img>apple-tree</img>
		<destroy>woodcutting</destroy>
		<hits>6</hits>
		<drops>
			<drop>
				<item>log</item>
				<min>3</min>
				<max>5</max>
			</drop>
			<drop>
				<item>apple</item>
				<min>0</min>
				<max>3</max>
			</drop>
		</drops>
		<leftover>tree-stump</leftover>
	</object>
	<object>
		<name>pine</name>
		<category>plant</category>
		<width>1</width>
		<height>1</height>
		<alt>3</alt>
		<offset>1</offset>
		<rigid></rigid>
		<type>tree</type>
		<img>pine</img>
		<destroy>woodcutting</destroy>
		<hits>5</hits>
		<drops>
			<drop>
				<item>log</item>
				<min>3</min>
				<max>5</max>
			</drop>
			<drop>
				<item>pine-cone</item>
				<min>0</min>
				<max>2</max>
			</drop>
		</drops>
		<leftover>tree-stump</leftover>
	</object>
	<object>
		<name>garlic</name>
		<img>garlic</img>
		<category>plant</category>
		<type>crop</type>
		<width>1</width>
		<height>1</height>
		<drops>
			<drop>
				<item>garlic</item>
				<condition>ripe</condition>
				<min>1</min>
				<max>1</max>
			</drop>
		</drops>
	</object>
	<object>
		<name>flower</name>
		<img>flower</img>
		<width>1</width>
		<height>1</height>
		<category>plant</category>
		<type>flower</type>
		<pick>flower</pick>
		<drops>
		</drops>
	</object>
	<object>
		<name>grass</name>
		<img>bush</img>
		<width>1</width>
		<height>1</height>
		<category>plant</category>
		<type>weed</type>
		<destroy>reaping</destroy>
		<drops>
			<drop id="1">
				<item>grass</item>
				<min>1</min>
				<max>1</max>
			</drop>
		</drops>
		<interactions>
			<i>
				<obj>type reaping</obj>
				<script>script harvest grass script sound slap</script>
			</i>
		</interactions>
	</object>
	<object>
		<name>web</name>
		<img>web</img>
		<width>1</width>
		<height>1</height>
		<category>misc</category>
		<type>misc</type>
		<interactions>
			<i>
				<obj>type reaping</obj>
				<script>script harvest web script sound slap</script>
			</i>
		</interactions>
	</object>
	<object id="6">
		<name>lily_sprout</name>
		<img>planted</img>
		<width>1</width>	
		<height>1</height>
		<imgw>4</imgw>
		<clipw>1</clipw>
		<category>plant</category>
		<type>sprout</type>
		<destroy>any</destroy>
		<growth>4</growth>
		<ripe>lily</ripe>
		<attributes>
			<needs_water/>
		</attributes>
		<drops>
			<drop id="1" condition = "int grow 0">
				<item>seed</item>
				<min>1</min>
				<max>1</max>
			</drop>
		</drops>
	</object>
	<object id="7">
		<name>lily</name>
		<img>lily</img>	
		<width>1</width>
		<height>1</height>
		<category>plant</category>
		<type>small</type>
		<destroy>any</destroy>
		<ripe>lily</ripe>
		<pick>lily</pick>
	</object>
	<object>
		<name>acorn</name>
		<img>acorn_planted</img>
		<category>plant</category>
		<type>sprout</type>
		<destroy>any</destroy>
		<drops>
			<drop id="1" condition = "int grow 0">
				<item>acorn</item>
				<min>1</min>
				<max>1</max>
			</drop>
		</drops>
		<growth>2</growth>
		<ripe>sapling</ripe>	
		<interactions>
			<i>
				<obj>name bag</obj>
				<script>script change sapling script consume</script>
			</i>
		</interactions>
	</object>
	<object>
		<name>sapling</name>
		<img>sapling</img>
		<width>1</width>
		<height>1</height>
		<alt>2</alt>
		<imgw>1</imgw>
		<imgh>3</imgh>
		<category>plant</category>
		<type>sprout</type>
		<destroy>any</destroy>
		<growth>2</growth>
		<ripe>tree</ripe>
	</object>
	<object>
		<name>house</name>
		<img>house</img>
		<width>6</width>
		<height>3</height>
		<alt>2</alt>
		<imgw>6</imgw>
		<imgh>4</imgh>
		<category>structure</category>
		<type>building</type>
		<portal>house</portal>
		<attributes>
			<where>128 224</where>
		</attributes>
		<rigid></rigid>
	</object>
	<object>
		<name>distiller</name>
		<img>distiller</img>
		<width>1</width>
		<height>1</height>
		<alt>2</alt>
		<imgw>1</imgw>
		<imgh>2</imgh>
		<category>structure</category>
		<type>crafting</type>
		<rigid></rigid>
	</object>
	<object>
		<name>stove</name>
		<img>stove</img>
		<width>1</width>
		<height>1</height>
		<category>structure</category>
		<type>crafting</type>
		<rigid></rigid>
	</object>
	<object>
		<name>fireplace</name>
		<img>fireplace</img>
		<width>1</width>
		<height>1</height>
		<category>structure</category>
		<type>crafting</type>
		<rigid></rigid>
	</object>
	<object>
		<name>window</name>
		<img>window</img>
		<width>1</width>
		<height>1</height>
		<category>structure</category>
		<type>furniture</type>
		<rigid></rigid>
	</object>
	<object>
		<name>old-shelf</name>
		<img>old-shelf</img>
		<width>1</width>
		<height>1</height>
		<alt>1</alt>
		<category>structure</category>
		<type>furniture</type>
		<rigid></rigid>
	</object>
	<object>
		<name>shelf</name>
		<img>shelf</img>
		<width>1</width>
		<height>1</height>
		<alt>1</alt>
		<category>structure</category>
		<type>furniture</type>
		<rigid></rigid>
	</object>
	<object>
		<name>clock</name>
		<img>clock</img>
		<width>1</width>
		<height>1</height>
		<alt>1</alt>
		<category>structure</category>
		<type>furniture</type>
		<rigid></rigid>
	</object>
	<object>
		<name>piano</name>
		<img>piano</img>
		<width>2</width>
		<height>1</height>
		<alt>1</alt>
		<category>structure</category>
		<type>furniture</type>
		<rigid></rigid>
	</object>
	<object>
		<name>shop</name>
		<img>shop</img>
		<width>6</width>
		<height>3</height>
		<alt>2</alt>
		<imgw>6</imgw>
		<imgh>4</imgh>
		<category>structure</category>
		<type>building</type>
		<portal>shop</portal>
		<fade>house_fade</fade>
		<rigid></rigid>
	</object>
	<object>
		<name>poppy</name>
		<img>flower2</img>	
		<width>1</width>
		<height>1</height>
		<category>plant</category>
		<type>small</type>
		<destroy>any</destroy>
		<ripe>poppy</ripe>
		<pick>poppy</pick>
	</object>
	<object>
		<name>carrot</name>
		<img>carrot_ripe</img>	
		<width>1</width>
		<height>1</height>
		<category>plant</category>
		<type>small</type>
		<destroy>any</destroy>
		<ripe>carrot</ripe>
		<pick>carrot</pick>
	</object>
	<object>
		<name>rose</name>
		<img>rose</img>	
		<width>1</width>
		<height>1</height>
		<category>plant</category>
		<type>small</type>
		<destroy>any</destroy>
		<ripe>rose</ripe>
		<pick>rose</pick>
	</object>
	<object>
		<name>tulip</name>
		<img>tulip</img>	
		<width>1</width>
		<height>1</height>
		<category>plant</category>
		<type>small</type>
		<destroy>any</destroy>
		<ripe>tulip</ripe>
		<pick>tulip</pick>
	</object>
	<object>
		<name>amanita</name>
		<img>amanita</img>	
		<width>1</width>
		<height>1</height>
		<category>plant</category>
		<type>fungi</type>
		<destroy>any</destroy>
		<ripe>amanita</ripe>
		<pick>amanita</pick>
	</object>
	<object>
		<name>cactus</name>
		<img>cactus</img>	
		<width>1</width>
		<height>1</height>
		<category>plant</category>
		<type>cacti</type>
		<destroy>any</destroy>
	</object>
	<object>
		<name>poppy_sprout</name>
		<img>planted</img>
		<width>1</width>	
		<height>1</height>
		<imgw>4</imgw>
		<clipw>1</clipw>
		<category>plant</category>
		<type>sprout</type>
		<destroy>any</destroy>
		<growth>4</growth>
		<ripe>poppy</ripe>
		<attributes>
			<needs_water/>
		</attributes>
		<drops>
			<drop id="1" condition = "int grow 0">
				<item>poppy_seed</item>
				<min>1</min>
				<max>1</max>
			</drop>
		</drops>
	</object>
	<object>
		<name>carrot_crop</name>
		<img>carrot_plant</img>
		<width>1</width>	
		<height>1</height>
		<imgw>3</imgw>
		<clipw>1</clipw>
		<category>plant</category>
		<type>crop</type>
		<destroy>any</destroy>
		<growth>3</growth>
		<ripe>carrot</ripe>
		<attributes>
			<needs_water/>
		</attributes>
		<drops>
			<drop id="1" condition = "int grow 0">
				<item>carrot_seed</item>
				<min>1</min>
				<max>1</max>
			</drop>
		</drops>
	</object>
	<object>
		<name>column</name>
		<category>structure</category>
		<type>ruin</type>
		<width>1</width>
		<height>1</height>
		<alt>2</alt>
		<rigid></rigid>
		<img>column</img>
		<fade>column_fade</fade>
		<destroy>mining</destroy>
		<leftover>column_ruin</leftover>
		<hits>6</hits>
		<drops>
			<drop>
				<item>stone</item>
				<min>3</min>
				<max>5</max>
			</drop>
		</drops>
	</object>
	<object>
		<name>column_ruin</name>
		<category>structure</category>
		<type>ruin</type>
		<width>1</width>
		<height>1</height>
		<rigid></rigid>
		<img>column_ruin</img>
		<destroy>mining</destroy>
		<hits>4</hits>
		<drops>
			<drop>
				<item>stone</item>
				<min>2</min>
				<max>2</max>
			</drop>
		</drops>
	</object>
	<object>
		<name>stone</name>
		<img>stone</img>
		<width>1</width>
		<height>1</height>
		<category>resource</category>
		<type>stone</type>
		<rigid></rigid>
		<destroy>mining</destroy>
		<hits>4</hits>
		<drops>
			<drop id="1">
				<item>stone</item>
				<min>1</min>
				<max>1</max>
			</drop>
			<drop id="2">
				<item>copper</item>
				<min>0</min>
				<max>1</max>
			</drop>
		</drops>
	</object>
	<object>
		<name>bed</name>
		<img>bed</img>
		<width>1</width>
		<height>2</height>
		<category>structure</category>
		<type>furniture</type>
		<rigid></rigid>
		<attributes>
			<interact>12</interact>
		</attributes>
	</object>
	<object>
		<name>sleeping-mat</name>
		<img>sleeping-mat</img>
		<width>1</width>
		<height>2</height>
		<category>structure</category>
		<type>furniture</type>
		<rigid></rigid>
		<attributes>
			<interact>12</interact>
		</attributes>
		
	</object>
	<object>
		<name>ash</name>
		<img>ash</img>
		<category>misc</category>
		<type>debris</type>
		<interactions>
			<i>
				<obj>category tool</obj>
				<script>delete</script>
			</i>
		</interactions>
	</object>
	<object>
		<name>chair</name>
		<img>chair</img>
		<width>1</width>
		<height>1</height>
		<category>structure</category>
		<type>furniture</type>
		<rigid></rigid>
		<attributes>
			<interact>16</interact>
		</attributes>
		<interactions>
			<i>
				<obj>type woodcutting</obj>
				<script>script harvest log 2 script dialog 18 script sound wood</script>
			</i>
			<i>
				<obj>name torch</obj>
				<script>change ash</script>
			</i>
			<i>
				<obj>type watering</obj>
				<script>attrib watered 1</script>
			</i>
		</interactions>
	</object>
	<object>
		<name>furnace</name>
		<img>furnace</img>
		<width>1</width>
		<height>1</height>
		<alt>1</alt>
		<category>structure</category>
		<type>furniture</type>
		<rigid/>
		<attributes>
			<interact>15</interact>
		</attributes>
		<interactions>
			<i>
				<obj>name log</obj>
				<script>script change furnace-burning script sound slap</script>
			</i>
		</interactions>
	</object>
	<object>
		<name>furnace-burning</name>
		<img>furnace-burning</img>
		<width>1</width>
		<height>1</height>
		<alt>1</alt>
		<category>structure</category>
		<type>furniture</type>
		<rigid/>
		<attributes>
			<interact>19</interact>
		</attributes>
	</object>
	<object>
		<name>sign</name>
		<img>sign</img>
		<width>1</width>
		<height>1</height>
		<category>structure</category>
		<type>misc</type>
	</object>
	<object>
		<name>fence</name>
		<img>fence</img>
		<width>1</width>
		<height>1</height>
		<category>structure</category>
		<type>fencing</type>
		<rigid/>
	</object>
	<object>
		<name>table</name>
		<img>table</img>
		<width>2</width>
		<height>1</height>
		<imgw>2</imgw>
		<imgh>1</imgh>
		<category>structure</category>
		<type>furniture</type>
		<rigid/>
	</object>
	<object>
		<name>cupboard</name>
		<img>cupboard</img>
		<width>2</width>
		<height>2</height>
		<imgw>2</imgw>
		<imgh>2</imgh>
		<category>structure</category>
		<type>furniture</type>
		<rigid/>
	</object>
	<object>
		<name>stone-door</name>
		<img>stone-door</img>
		<width>2</width>
		<height>2</height>
		<imgw>2</imgw>
		<imgh>2</imgh>
		<category>structure</category>
		<type>furniture</type>
		<rigid/>
	</object>
	<object>
		<name>closed-stone-door</name>
		<img>stone-door</img>
		<width>2</width>
		<height>2</height>
		<imgw>2</imgw>
		<imgh>2</imgh>
		<category>structure</category>
		<type>furniture</type>
		<rigid/>
		<attributes>
			<interact>44</interact>
		</attributes>
		<interactions>
			<i>
				<obj>name key</obj>
				<script>script change stone-door script consume</script>
			</i>
		</interactions>
	</object>
	<object>
		<name>chest</name>
		<img>chest</img>
		<width>1</width>
		<height>1</height>
		<imgw>1</imgw>
		<imgh>1</imgh>
		<category>structure</category>
		<type>furniture</type>
		<rigid/>
	</object>
	<object>
		<name>remains</name>
		<img>remains</img>
		<width>1</width>
		<height>1</height>
		<category>structure</category>
		<type>decoration</type>
		<attributes>
			<interact>45</interact>
		</attributes>
		<interactions>
			<i>
				<obj>type mining</obj>
				<script>script delete script item bone 2</script>
			</i>
		</interactions>
	</object>
	<object>
		<name>vase</name>
		<img>vase</img>
		<width>1</width>
		<height>1</height>
		<category>structure</category>
		<type>decoration</type>
		<rigid/>
	</object>
</root>